-- ============================================================================
-- VocabGame — Round Up Seed Content
-- Paste this into Supabase → SQL Editor → New Query → Run
-- Creates 5 collections (books).
-- ============================================================================

-- ─── Idempotent Cleanup (Removes old records safely before replacing) ───
DELETE FROM words WHERE collection_id IN ('c0000008-0000-4000-8000-000000000001', 'c0000008-0001-4000-8000-000000000001', 'c0000008-0002-4000-8000-000000000001', 'c0000008-0003-4000-8000-000000000001', 'c0000008-0004-4000-8000-000000000001');
DELETE FROM units WHERE collection_id IN ('c0000008-0000-4000-8000-000000000001', 'c0000008-0001-4000-8000-000000000001', 'c0000008-0002-4000-8000-000000000001', 'c0000008-0003-4000-8000-000000000001', 'c0000008-0004-4000-8000-000000000001');
DELETE FROM collections WHERE id IN ('c0000008-0000-4000-8000-000000000001', 'c0000008-0001-4000-8000-000000000001', 'c0000008-0002-4000-8000-000000000001', 'c0000008-0003-4000-8000-000000000001', 'c0000008-0004-4000-8000-000000000001');

-- ─── Collection: Round Up Starter ────────────────────────────────────────

INSERT INTO collections (id, title, short_title, description, category, difficulty, cover_emoji, cover_color, total_units, is_published)
VALUES ('c0000008-0000-4000-8000-000000000001', 'Round Up Starter', 'Round Up Starter', 'Vocabulary words from Round Up Starter', 'esl', 'A1', '📙', '#EAB308', 6, true);

-- Unit 1 (27 words)
INSERT INTO units (id, collection_id, title, unit_number, word_count)
VALUES ('a0000008-0000-4001-8000-000000000001', 'c0000008-0000-4000-8000-000000000001', 'Unit 1', 1, 27);

INSERT INTO words (unit_id, collection_id, word, translation, example_sentence, word_type, difficulty, word_number) VALUES
('a0000008-0000-4001-8000-000000000001', 'c0000008-0000-4000-8000-000000000001', 'Apple', 'Olma', '', 'phrase', 'A1', 1),
('a0000008-0000-4001-8000-000000000001', 'c0000008-0000-4000-8000-000000000001', 'Ball', 'Koptok', '', 'phrase', 'A1', 2),
('a0000008-0000-4001-8000-000000000001', 'c0000008-0000-4000-8000-000000000001', 'Cat', 'Mushuk', '', 'phrase', 'A1', 3),
('a0000008-0000-4001-8000-000000000001', 'c0000008-0000-4000-8000-000000000001', 'Dog', 'It', '', 'phrase', 'A1', 4),
('a0000008-0000-4001-8000-000000000001', 'c0000008-0000-4000-8000-000000000001', 'Egg', 'Tuxum', '', 'phrase', 'A1', 5),
('a0000008-0000-4001-8000-000000000001', 'c0000008-0000-4000-8000-000000000001', 'Fat', 'Semiz', '', 'phrase', 'A1', 6),
('a0000008-0000-4001-8000-000000000001', 'c0000008-0000-4000-8000-000000000001', 'Glass', 'Stakan', '', 'phrase', 'A1', 7),
('a0000008-0000-4001-8000-000000000001', 'c0000008-0000-4000-8000-000000000001', 'Hat', 'Shlyapa', '', 'phrase', 'A1', 8),
('a0000008-0000-4001-8000-000000000001', 'c0000008-0000-4000-8000-000000000001', 'Indian', 'Hindu', '', 'phrase', 'A1', 9),
('a0000008-0000-4001-8000-000000000001', 'c0000008-0000-4000-8000-000000000001', 'Jam', 'Murabbo', '', 'phrase', 'A1', 10),
('a0000008-0000-4001-8000-000000000001', 'c0000008-0000-4000-8000-000000000001', 'Kite', 'Varrak', '', 'phrase', 'A1', 11),
('a0000008-0000-4001-8000-000000000001', 'c0000008-0000-4000-8000-000000000001', 'Lamb', 'Qo''zichoq', '', 'phrase', 'A1', 12),
('a0000008-0000-4001-8000-000000000001', 'c0000008-0000-4000-8000-000000000001', 'Man', 'Erkak kishi', '', 'phrase', 'A1', 13),
('a0000008-0000-4001-8000-000000000001', 'c0000008-0000-4000-8000-000000000001', 'Nurse', 'Hamshira', '', 'phrase', 'A1', 14),
('a0000008-0000-4001-8000-000000000001', 'c0000008-0000-4000-8000-000000000001', 'Onion', 'Piyoz', '', 'phrase', 'A1', 15),
('a0000008-0000-4001-8000-000000000001', 'c0000008-0000-4000-8000-000000000001', 'Purse', 'Koshilok', '', 'phrase', 'A1', 16),
('a0000008-0000-4001-8000-000000000001', 'c0000008-0000-4000-8000-000000000001', 'Queen', 'Qirolicha', '', 'phrase', 'A1', 17),
('a0000008-0000-4001-8000-000000000001', 'c0000008-0000-4000-8000-000000000001', 'Rain', 'Yomg''ir', '', 'phrase', 'A1', 18),
('a0000008-0000-4001-8000-000000000001', 'c0000008-0000-4000-8000-000000000001', 'Star', 'Yulduz', '', 'phrase', 'A1', 19),
('a0000008-0000-4001-8000-000000000001', 'c0000008-0000-4000-8000-000000000001', 'Train', 'Poyezd', '', 'phrase', 'A1', 20),
('a0000008-0000-4001-8000-000000000001', 'c0000008-0000-4000-8000-000000000001', 'Umbrella', 'Soyabon', '', 'phrase', 'A1', 21),
('a0000008-0000-4001-8000-000000000001', 'c0000008-0000-4000-8000-000000000001', 'Van', 'Gazel', '', 'phrase', 'A1', 22),
('a0000008-0000-4001-8000-000000000001', 'c0000008-0000-4000-8000-000000000001', 'Box', 'Quti', '', 'phrase', 'A1', 23),
('a0000008-0000-4001-8000-000000000001', 'c0000008-0000-4000-8000-000000000001', 'Yacht', 'Kema', '', 'phrase', 'A1', 24),
('a0000008-0000-4001-8000-000000000001', 'c0000008-0000-4000-8000-000000000001', 'Watch', 'Soat', '', 'phrase', 'A1', 25),
('a0000008-0000-4001-8000-000000000001', 'c0000008-0000-4000-8000-000000000001', 'Zoo', 'Zopark', '', 'phrase', 'A1', 26),
('a0000008-0000-4001-8000-000000000001', 'c0000008-0000-4000-8000-000000000001', 'Cycle', 'Velosiped', '', 'phrase', 'A1', 27);

-- Unit 2 (27 words)
INSERT INTO units (id, collection_id, title, unit_number, word_count)
VALUES ('a0000008-0000-4002-8000-000000000001', 'c0000008-0000-4000-8000-000000000001', 'Unit 2', 2, 27);

INSERT INTO words (unit_id, collection_id, word, translation, example_sentence, word_type, difficulty, word_number) VALUES
('a0000008-0000-4002-8000-000000000001', 'c0000008-0000-4000-8000-000000000001', 'City', 'Shahar', '', 'phrase', 'A1', 1),
('a0000008-0000-4002-8000-000000000001', 'c0000008-0000-4000-8000-000000000001', 'Certain', 'Aniq', '', 'phrase', 'A1', 2),
('a0000008-0000-4002-8000-000000000001', 'c0000008-0000-4000-8000-000000000001', 'Make', 'Qilmoq', '', 'phrase', 'A1', 3),
('a0000008-0000-4002-8000-000000000001', 'c0000008-0000-4000-8000-000000000001', 'Bake', 'Yopmoq', '', 'phrase', 'A1', 4),
('a0000008-0000-4002-8000-000000000001', 'c0000008-0000-4000-8000-000000000001', 'Snake', 'Ilon', '', 'phrase', 'A1', 5),
('a0000008-0000-4002-8000-000000000001', 'c0000008-0000-4000-8000-000000000001', 'Cake', 'To''rt; keks', '', 'phrase', 'A1', 6),
('a0000008-0000-4002-8000-000000000001', 'c0000008-0000-4000-8000-000000000001', 'Coke', 'Kola', '', 'phrase', 'A1', 7),
('a0000008-0000-4002-8000-000000000001', 'c0000008-0000-4000-8000-000000000001', 'Bee', 'Ari', '', 'phrase', 'A1', 8),
('a0000008-0000-4002-8000-000000000001', 'c0000008-0000-4000-8000-000000000001', 'Ship', 'Kema', '', 'phrase', 'A1', 9),
('a0000008-0000-4002-8000-000000000001', 'c0000008-0000-4000-8000-000000000001', 'See', 'Ko''rmoq', '', 'phrase', 'A1', 10),
('a0000008-0000-4002-8000-000000000001', 'c0000008-0000-4000-8000-000000000001', 'Feet', 'Oyoqlar', '', 'phrase', 'A1', 11),
('a0000008-0000-4002-8000-000000000001', 'c0000008-0000-4000-8000-000000000001', 'Seed', 'Urug''', '', 'phrase', 'A1', 12),
('a0000008-0000-4002-8000-000000000001', 'c0000008-0000-4000-8000-000000000001', 'Meet', 'Uchrashmoq', '', 'phrase', 'A1', 13),
('a0000008-0000-4002-8000-000000000001', 'c0000008-0000-4000-8000-000000000001', 'Eye', 'Ko''z', '', 'phrase', 'A1', 14),
('a0000008-0000-4002-8000-000000000001', 'c0000008-0000-4000-8000-000000000001', 'Book', 'Kitob', '', 'phrase', 'A1', 15),
('a0000008-0000-4002-8000-000000000001', 'c0000008-0000-4000-8000-000000000001', 'Elephant', 'Fil', '', 'phrase', 'A1', 16),
('a0000008-0000-4002-8000-000000000001', 'c0000008-0000-4000-8000-000000000001', 'Octopus', 'Sakkiz oyoq', '', 'phrase', 'A1', 17),
('a0000008-0000-4002-8000-000000000001', 'c0000008-0000-4000-8000-000000000001', 'House', 'Uy', '', 'phrase', 'A1', 18),
('a0000008-0000-4002-8000-000000000001', 'c0000008-0000-4000-8000-000000000001', 'Fish', 'Baliq', '', 'phrase', 'A1', 19),
('a0000008-0000-4002-8000-000000000001', 'c0000008-0000-4000-8000-000000000001', 'Aeroplane', 'Samolyot', '', 'phrase', 'A1', 20),
('a0000008-0000-4002-8000-000000000001', 'c0000008-0000-4000-8000-000000000001', 'Banana', 'Banan', '', 'phrase', 'A1', 21),
('a0000008-0000-4002-8000-000000000001', 'c0000008-0000-4000-8000-000000000001', 'Boy', 'O''g''il bola', '', 'phrase', 'A1', 22),
('a0000008-0000-4002-8000-000000000001', 'c0000008-0000-4000-8000-000000000001', 'Rabbit', 'Quyon', '', 'phrase', 'A1', 23),
('a0000008-0000-4002-8000-000000000001', 'c0000008-0000-4000-8000-000000000001', 'Moon', 'Oymomo', '', 'phrase', 'A1', 24),
('a0000008-0000-4002-8000-000000000001', 'c0000008-0000-4000-8000-000000000001', 'Door', 'Eshik', '', 'phrase', 'A1', 25),
('a0000008-0000-4002-8000-000000000001', 'c0000008-0000-4000-8000-000000000001', 'Floor', 'Pol', '', 'phrase', 'A1', 26),
('a0000008-0000-4002-8000-000000000001', 'c0000008-0000-4000-8000-000000000001', 'Quit', 'Tark etmoq', '', 'phrase', 'A1', 27);

-- Unit 3 (27 words)
INSERT INTO units (id, collection_id, title, unit_number, word_count)
VALUES ('a0000008-0000-4003-8000-000000000001', 'c0000008-0000-4000-8000-000000000001', 'Unit 3', 3, 27);

INSERT INTO words (unit_id, collection_id, word, translation, example_sentence, word_type, difficulty, word_number) VALUES
('a0000008-0000-4003-8000-000000000001', 'c0000008-0000-4000-8000-000000000001', 'Question', 'Savol', '', 'phrase', 'A1', 1),
('a0000008-0000-4003-8000-000000000001', 'c0000008-0000-4000-8000-000000000001', 'Thin', 'Ozg''in', '', 'phrase', 'A1', 2),
('a0000008-0000-4003-8000-000000000001', 'c0000008-0000-4000-8000-000000000001', 'Thief', 'O''g''ri', '', 'phrase', 'A1', 3),
('a0000008-0000-4003-8000-000000000001', 'c0000008-0000-4000-8000-000000000001', 'Thing', 'Narsa', '', 'phrase', 'A1', 4),
('a0000008-0000-4003-8000-000000000001', 'c0000008-0000-4000-8000-000000000001', 'Chart', '1-jadval; 2-xarita', '', 'phrase', 'A1', 5),
('a0000008-0000-4003-8000-000000000001', 'c0000008-0000-4000-8000-000000000001', 'Cherry', 'Olcha', '', 'phrase', 'A1', 6),
('a0000008-0000-4003-8000-000000000001', 'c0000008-0000-4000-8000-000000000001', 'Chess', 'Shaxmat', '', 'phrase', 'A1', 7),
('a0000008-0000-4003-8000-000000000001', 'c0000008-0000-4000-8000-000000000001', 'Child', 'Bola', '', 'phrase', 'A1', 8),
('a0000008-0000-4003-8000-000000000001', 'c0000008-0000-4000-8000-000000000001', 'Church', 'Cherkov', '', 'phrase', 'A1', 9),
('a0000008-0000-4003-8000-000000000001', 'c0000008-0000-4000-8000-000000000001', 'Chin', 'Iyak', '', 'phrase', 'A1', 10),
('a0000008-0000-4003-8000-000000000001', 'c0000008-0000-4000-8000-000000000001', 'Chair', 'Kursi', '', 'phrase', 'A1', 11),
('a0000008-0000-4003-8000-000000000001', 'c0000008-0000-4000-8000-000000000001', 'Phone', 'Telefon', '', 'phrase', 'A1', 12),
('a0000008-0000-4003-8000-000000000001', 'c0000008-0000-4000-8000-000000000001', 'Photo', 'Rasm', '', 'phrase', 'A1', 13),
('a0000008-0000-4003-8000-000000000001', 'c0000008-0000-4000-8000-000000000001', 'Shop', 'Do''kon', '', 'phrase', 'A1', 14),
('a0000008-0000-4003-8000-000000000001', 'c0000008-0000-4000-8000-000000000001', 'Shell', 'Po''choq', '', 'phrase', 'A1', 15),
('a0000008-0000-4003-8000-000000000001', 'c0000008-0000-4000-8000-000000000001', 'Shut', 'Berkitmoq; yopmoq', '', 'phrase', 'A1', 16),
('a0000008-0000-4003-8000-000000000001', 'c0000008-0000-4000-8000-000000000001', 'Shoe', 'Tufli', '', 'phrase', 'A1', 17),
('a0000008-0000-4003-8000-000000000001', 'c0000008-0000-4000-8000-000000000001', 'Shot', 'Otmoq', '', 'phrase', 'A1', 18),
('a0000008-0000-4003-8000-000000000001', 'c0000008-0000-4000-8000-000000000001', 'Vowel', 'Unli', '', 'phrase', 'A1', 19),
('a0000008-0000-4003-8000-000000000001', 'c0000008-0000-4000-8000-000000000001', 'Consonant', 'Undosh', '', 'phrase', 'A1', 20),
('a0000008-0000-4003-8000-000000000001', 'c0000008-0000-4000-8000-000000000001', 'Call', 'Telefon qilmoq', '', 'phrase', 'A1', 21),
('a0000008-0000-4003-8000-000000000001', 'c0000008-0000-4000-8000-000000000001', 'Small', 'Kichkina', '', 'phrase', 'A1', 22),
('a0000008-0000-4003-8000-000000000001', 'c0000008-0000-4000-8000-000000000001', 'All', 'Hamma', '', 'phrase', 'A1', 23),
('a0000008-0000-4003-8000-000000000001', 'c0000008-0000-4000-8000-000000000001', 'Tall', 'Uzun', '', 'phrase', 'A1', 24),
('a0000008-0000-4003-8000-000000000001', 'c0000008-0000-4000-8000-000000000001', 'Fall', 'Yiqilmoq', '', 'phrase', 'A1', 25),
('a0000008-0000-4003-8000-000000000001', 'c0000008-0000-4000-8000-000000000001', 'Cost', 'Narx', '', 'phrase', 'A1', 26),
('a0000008-0000-4003-8000-000000000001', 'c0000008-0000-4000-8000-000000000001', 'Cup', 'Chashka', '', 'phrase', 'A1', 27);

-- Unit 4 (26 words)
INSERT INTO units (id, collection_id, title, unit_number, word_count)
VALUES ('a0000008-0000-4004-8000-000000000001', 'c0000008-0000-4000-8000-000000000001', 'Unit 4', 4, 26);

INSERT INTO words (unit_id, collection_id, word, translation, example_sentence, word_type, difficulty, word_number) VALUES
('a0000008-0000-4004-8000-000000000001', 'c0000008-0000-4000-8000-000000000001', 'Coffee', 'Kofe', '', 'phrase', 'A1', 1),
('a0000008-0000-4004-8000-000000000001', 'c0000008-0000-4000-8000-000000000001', 'Coat', 'Palto', '', 'phrase', 'A1', 2),
('a0000008-0000-4004-8000-000000000001', 'c0000008-0000-4000-8000-000000000001', 'Can', 'Qila olmoq', '', 'phrase', 'A1', 3),
('a0000008-0000-4004-8000-000000000001', 'c0000008-0000-4000-8000-000000000001', 'Cell', 'Hujra', '', 'phrase', 'A1', 4),
('a0000008-0000-4004-8000-000000000001', 'c0000008-0000-4000-8000-000000000001', 'Cinema', 'Kino', '', 'phrase', 'A1', 5),
('a0000008-0000-4004-8000-000000000001', 'c0000008-0000-4000-8000-000000000001', 'Ear', 'Quloq', '', 'phrase', 'A1', 6),
('a0000008-0000-4004-8000-000000000001', 'c0000008-0000-4000-8000-000000000001', 'Orange', 'Apelsin', '', 'phrase', 'A1', 7),
('a0000008-0000-4004-8000-000000000001', 'c0000008-0000-4000-8000-000000000001', 'Insect', 'Hasharot', '', 'phrase', 'A1', 8),
('a0000008-0000-4004-8000-000000000001', 'c0000008-0000-4000-8000-000000000001', 'Pen', 'Ruchka', '', 'phrase', 'A1', 9),
('a0000008-0000-4004-8000-000000000001', 'c0000008-0000-4000-8000-000000000001', 'Ice cream', 'Muzqaymoq', '', 'phrase', 'A1', 10),
('a0000008-0000-4004-8000-000000000001', 'c0000008-0000-4000-8000-000000000001', 'Desk', 'Parta', '', 'phrase', 'A1', 11),
('a0000008-0000-4004-8000-000000000001', 'c0000008-0000-4000-8000-000000000001', 'Table', 'Stol', '', 'phrase', 'A1', 12),
('a0000008-0000-4004-8000-000000000001', 'c0000008-0000-4000-8000-000000000001', 'Pencil', 'Qalam', '', 'phrase', 'A1', 13),
('a0000008-0000-4004-8000-000000000001', 'c0000008-0000-4000-8000-000000000001', 'Knit', 'Bog''lamoq', '', 'phrase', 'A1', 14),
('a0000008-0000-4004-8000-000000000001', 'c0000008-0000-4000-8000-000000000001', 'Knife', 'Pichoq', '', 'phrase', 'A1', 15),
('a0000008-0000-4004-8000-000000000001', 'c0000008-0000-4000-8000-000000000001', 'Know', 'Bilmoq', '', 'phrase', 'A1', 16),
('a0000008-0000-4004-8000-000000000001', 'c0000008-0000-4000-8000-000000000001', 'Knee', 'Tizza', '', 'phrase', 'A1', 17),
('a0000008-0000-4004-8000-000000000001', 'c0000008-0000-4000-8000-000000000001', 'Cook', 'Pishirmoq', '', 'phrase', 'A1', 18),
('a0000008-0000-4004-8000-000000000001', 'c0000008-0000-4000-8000-000000000001', 'Good', 'Yaxshi', '', 'phrase', 'A1', 19),
('a0000008-0000-4004-8000-000000000001', 'c0000008-0000-4000-8000-000000000001', 'Pool', 'Hovuz', '', 'phrase', 'A1', 20),
('a0000008-0000-4004-8000-000000000001', 'c0000008-0000-4000-8000-000000000001', 'For', 'Uchun', '', 'phrase', 'A1', 21),
('a0000008-0000-4004-8000-000000000001', 'c0000008-0000-4000-8000-000000000001', 'Present', 'Sovg''a', '', 'phrase', 'A1', 22),
('a0000008-0000-4004-8000-000000000001', 'c0000008-0000-4000-8000-000000000001', 'Kitten', 'Mushukcha', '', 'phrase', 'A1', 23),
('a0000008-0000-4004-8000-000000000001', 'c0000008-0000-4000-8000-000000000001', 'Funny', 'Kulguli', '', 'phrase', 'A1', 24),
('a0000008-0000-4004-8000-000000000001', 'c0000008-0000-4000-8000-000000000001', 'Spider', 'O''rgimchak', '', 'phrase', 'A1', 25),
('a0000008-0000-4004-8000-000000000001', 'c0000008-0000-4000-8000-000000000001', 'Yes', 'Ha', '', 'phrase', 'A1', 26);

-- Unit 5 (26 words)
INSERT INTO units (id, collection_id, title, unit_number, word_count)
VALUES ('a0000008-0000-4005-8000-000000000001', 'c0000008-0000-4000-8000-000000000001', 'Unit 5', 5, 26);

INSERT INTO words (unit_id, collection_id, word, translation, example_sentence, word_type, difficulty, word_number) VALUES
('a0000008-0000-4005-8000-000000000001', 'c0000008-0000-4000-8000-000000000001', 'Yellow', 'Sariq', '', 'phrase', 'A1', 1),
('a0000008-0000-4005-8000-000000000001', 'c0000008-0000-4000-8000-000000000001', 'Tidy', 'Toza', '', 'phrase', 'A1', 2),
('a0000008-0000-4005-8000-000000000001', 'c0000008-0000-4000-8000-000000000001', 'Sky', 'Osmon', '', 'phrase', 'A1', 3),
('a0000008-0000-4005-8000-000000000001', 'c0000008-0000-4000-8000-000000000001', 'Fly', '1-chivin; 2-uchmoq', '', 'phrase', 'A1', 4),
('a0000008-0000-4005-8000-000000000001', 'c0000008-0000-4000-8000-000000000001', 'Dry', 'Quruq', '', 'phrase', 'A1', 5),
('a0000008-0000-4005-8000-000000000001', 'c0000008-0000-4000-8000-000000000001', 'Spy', 'Shippyon', '', 'phrase', 'A1', 6),
('a0000008-0000-4005-8000-000000000001', 'c0000008-0000-4000-8000-000000000001', 'Cry', '1-yig''lamoq; 2-baqirmoq', '', 'phrase', 'A1', 7),
('a0000008-0000-4005-8000-000000000001', 'c0000008-0000-4000-8000-000000000001', 'Rose', 'Atirgul', '', 'phrase', 'A1', 8),
('a0000008-0000-4005-8000-000000000001', 'c0000008-0000-4000-8000-000000000001', 'Close', 'Yopmoq', '', 'phrase', 'A1', 9),
('a0000008-0000-4005-8000-000000000001', 'c0000008-0000-4000-8000-000000000001', 'Rise', 'Ko''tarilmoq', '', 'phrase', 'A1', 10),
('a0000008-0000-4005-8000-000000000001', 'c0000008-0000-4000-8000-000000000001', 'Owl', 'Ukki', '', 'phrase', 'A1', 11),
('a0000008-0000-4005-8000-000000000001', 'c0000008-0000-4000-8000-000000000001', 'Monkey', 'Maymun', '', 'phrase', 'A1', 12),
('a0000008-0000-4005-8000-000000000001', 'c0000008-0000-4000-8000-000000000001', 'Eagle', 'Burgut', '', 'phrase', 'A1', 13),
('a0000008-0000-4005-8000-000000000001', 'c0000008-0000-4000-8000-000000000001', 'Flower', 'Gul', '', 'phrase', 'A1', 14),
('a0000008-0000-4005-8000-000000000001', 'c0000008-0000-4000-8000-000000000001', 'Girl', 'Qiz bola', '', 'phrase', 'A1', 15),
('a0000008-0000-4005-8000-000000000001', 'c0000008-0000-4000-8000-000000000001', 'Kangaroo', 'Kengiru', '', 'phrase', 'A1', 16),
('a0000008-0000-4005-8000-000000000001', 'c0000008-0000-4000-8000-000000000001', 'Frog', 'Qurbaqa', '', 'phrase', 'A1', 17),
('a0000008-0000-4005-8000-000000000001', 'c0000008-0000-4000-8000-000000000001', 'Lion', 'Sher', '', 'phrase', 'A1', 18),
('a0000008-0000-4005-8000-000000000001', 'c0000008-0000-4000-8000-000000000001', 'Tiger', 'Yo''lbars', '', 'phrase', 'A1', 19),
('a0000008-0000-4005-8000-000000000001', 'c0000008-0000-4000-8000-000000000001', 'Mouse', 'Sichqon', '', 'phrase', 'A1', 20),
('a0000008-0000-4005-8000-000000000001', 'c0000008-0000-4000-8000-000000000001', 'Crocodile', 'Timsoh', '', 'phrase', 'A1', 21),
('a0000008-0000-4005-8000-000000000001', 'c0000008-0000-4000-8000-000000000001', 'Lady', 'Xonim', '', 'phrase', 'A1', 22),
('a0000008-0000-4005-8000-000000000001', 'c0000008-0000-4000-8000-000000000001', 'Witch', 'Yalmog''iz', '', 'phrase', 'A1', 23),
('a0000008-0000-4005-8000-000000000001', 'c0000008-0000-4000-8000-000000000001', 'Brush', 'Tish cho''tka', '', 'phrase', 'A1', 24),
('a0000008-0000-4005-8000-000000000001', 'c0000008-0000-4000-8000-000000000001', 'Tomato', 'Pomidor', '', 'phrase', 'A1', 25),
('a0000008-0000-4005-8000-000000000001', 'c0000008-0000-4000-8000-000000000001', 'Bird', 'Qush', '', 'phrase', 'A1', 26);

-- Unit 6 (26 words)
INSERT INTO units (id, collection_id, title, unit_number, word_count)
VALUES ('a0000008-0000-4006-8000-000000000001', 'c0000008-0000-4000-8000-000000000001', 'Unit 6', 6, 26);

INSERT INTO words (unit_id, collection_id, word, translation, example_sentence, word_type, difficulty, word_number) VALUES
('a0000008-0000-4006-8000-000000000001', 'c0000008-0000-4000-8000-000000000001', 'Rabbit', 'Quyon', '', 'phrase', 'A1', 1),
('a0000008-0000-4006-8000-000000000001', 'c0000008-0000-4000-8000-000000000001', 'Singular', 'Birlik', '', 'phrase', 'A1', 2),
('a0000008-0000-4006-8000-000000000001', 'c0000008-0000-4000-8000-000000000001', 'Plural', 'Ko''plik', '', 'phrase', 'A1', 3),
('a0000008-0000-4006-8000-000000000001', 'c0000008-0000-4000-8000-000000000001', 'Bus', 'Avtobus', '', 'phrase', 'A1', 4),
('a0000008-0000-4006-8000-000000000001', 'c0000008-0000-4000-8000-000000000001', 'Fox', 'Tulki', '', 'phrase', 'A1', 5),
('a0000008-0000-4006-8000-000000000001', 'c0000008-0000-4000-8000-000000000001', 'Ostrich', 'Tuyaqush', '', 'phrase', 'A1', 6),
('a0000008-0000-4006-8000-000000000001', 'c0000008-0000-4000-8000-000000000001', 'Toy', 'O''yinchoq', '', 'phrase', 'A1', 7),
('a0000008-0000-4006-8000-000000000001', 'c0000008-0000-4000-8000-000000000001', 'Man', 'Erkak kishi', '', 'phrase', 'A1', 8),
('a0000008-0000-4006-8000-000000000001', 'c0000008-0000-4000-8000-000000000001', 'Woman', 'Ayol', '', 'phrase', 'A1', 9),
('a0000008-0000-4006-8000-000000000001', 'c0000008-0000-4000-8000-000000000001', 'Tooth', 'Tish', '', 'phrase', 'A1', 10),
('a0000008-0000-4006-8000-000000000001', 'c0000008-0000-4000-8000-000000000001', 'Goose', 'G''oz', '', 'phrase', 'A1', 11),
('a0000008-0000-4006-8000-000000000001', 'c0000008-0000-4000-8000-000000000001', 'Fish', 'Baliq', '', 'phrase', 'A1', 12),
('a0000008-0000-4006-8000-000000000001', 'c0000008-0000-4000-8000-000000000001', 'Sheep', 'Qo''y', '', 'phrase', 'A1', 13),
('a0000008-0000-4006-8000-000000000001', 'c0000008-0000-4000-8000-000000000001', 'Potato', 'Kartoshka', '', 'phrase', 'A1', 14),
('a0000008-0000-4006-8000-000000000001', 'c0000008-0000-4000-8000-000000000001', 'Basket', 'Savat', '', 'phrase', 'A1', 15),
('a0000008-0000-4006-8000-000000000001', 'c0000008-0000-4000-8000-000000000001', 'Strawberry', 'Qulupnay', '', 'phrase', 'A1', 16),
('a0000008-0000-4006-8000-000000000001', 'c0000008-0000-4000-8000-000000000001', 'Peach', 'Shaftoli', '', 'phrase', 'A1', 17),
('a0000008-0000-4006-8000-000000000001', 'c0000008-0000-4000-8000-000000000001', 'Dish', '1-tarelka; 2-taom', '', 'phrase', 'A1', 18),
('a0000008-0000-4006-8000-000000000001', 'c0000008-0000-4000-8000-000000000001', 'Tree', 'Daraxt', '', 'phrase', 'A1', 19),
('a0000008-0000-4006-8000-000000000001', 'c0000008-0000-4000-8000-000000000001', 'Horse', 'Ot', '', 'phrase', 'A1', 20),
('a0000008-0000-4006-8000-000000000001', 'c0000008-0000-4000-8000-000000000001', 'Rubber', 'O''chirgich', '', 'phrase', 'A1', 21),
('a0000008-0000-4006-8000-000000000001', 'c0000008-0000-4000-8000-000000000001', 'Here', 'Bu yerda', '', 'phrase', 'A1', 22),
('a0000008-0000-4006-8000-000000000001', 'c0000008-0000-4000-8000-000000000001', 'Tin', 'Konserva bankasi', '', 'phrase', 'A1', 23),
('a0000008-0000-4006-8000-000000000001', 'c0000008-0000-4000-8000-000000000001', 'Bottle', 'Shisha', '', 'phrase', 'A1', 24),
('a0000008-0000-4006-8000-000000000001', 'c0000008-0000-4000-8000-000000000001', 'Diver', 'G''avvos', '', 'phrase', 'A1', 25),
('a0000008-0000-4006-8000-000000000001', 'c0000008-0000-4000-8000-000000000001', 'Sad', 'Xafa', '', 'phrase', 'A1', 26);

-- ─── Update collection total_units counts ───
UPDATE collections SET total_units = (SELECT COUNT(*) FROM units WHERE collection_id = 'c0000008-0000-4000-8000-000000000001') WHERE id = 'c0000008-0000-4000-8000-000000000001';

-- ─── Collection: Round Up 1 ────────────────────────────────────────

INSERT INTO collections (id, title, short_title, description, category, difficulty, cover_emoji, cover_color, total_units, is_published)
VALUES ('c0000008-0001-4000-8000-000000000001', 'Round Up 1', 'Round Up 1', 'Vocabulary words from Round Up 1', 'esl', 'A1', '📙', '#EAB308', 6, true);

-- Unit 1 (27 words)
INSERT INTO units (id, collection_id, title, unit_number, word_count)
VALUES ('a0000008-0001-4001-8000-000000000001', 'c0000008-0001-4000-8000-000000000001', 'Unit 1', 1, 27);

INSERT INTO words (unit_id, collection_id, word, translation, example_sentence, word_type, difficulty, word_number) VALUES
('a0000008-0001-4001-8000-000000000001', 'c0000008-0001-4000-8000-000000000001', 'Make', 'Qilmoq', '', 'phrase', 'A1', 1),
('a0000008-0001-4001-8000-000000000001', 'c0000008-0001-4000-8000-000000000001', 'Silly', 'Ahmoq', '', 'phrase', 'A1', 2),
('a0000008-0001-4001-8000-000000000001', 'c0000008-0001-4000-8000-000000000001', 'Angry', 'Jahldor', '', 'phrase', 'A1', 3),
('a0000008-0001-4001-8000-000000000001', 'c0000008-0001-4000-8000-000000000001', 'Dancer', 'Raqqosa', '', 'phrase', 'A1', 4),
('a0000008-0001-4001-8000-000000000001', 'c0000008-0001-4000-8000-000000000001', 'Singer', 'Qo''shiqchi', '', 'phrase', 'A1', 5),
('a0000008-0001-4001-8000-000000000001', 'c0000008-0001-4000-8000-000000000001', 'Football player', 'Futbol o''yinchisi', '', 'phrase', 'A1', 6),
('a0000008-0001-4001-8000-000000000001', 'c0000008-0001-4000-8000-000000000001', 'Acrobat', 'Akrobat', '', 'phrase', 'A1', 7),
('a0000008-0001-4001-8000-000000000001', 'c0000008-0001-4000-8000-000000000001', 'Mechanic', 'Mexanik', '', 'phrase', 'A1', 8),
('a0000008-0001-4001-8000-000000000001', 'c0000008-0001-4000-8000-000000000001', 'Engineer', 'Injiner', '', 'phrase', 'A1', 9),
('a0000008-0001-4001-8000-000000000001', 'c0000008-0001-4000-8000-000000000001', 'Fireman', 'O''t o''chiruvchi', '', 'phrase', 'A1', 10),
('a0000008-0001-4001-8000-000000000001', 'c0000008-0001-4000-8000-000000000001', 'Policeman', 'Politsiyachi', '', 'phrase', 'A1', 11),
('a0000008-0001-4001-8000-000000000001', 'c0000008-0001-4000-8000-000000000001', 'Policewoman', 'Politsiyachi ayol', '', 'phrase', 'A1', 12),
('a0000008-0001-4001-8000-000000000001', 'c0000008-0001-4000-8000-000000000001', 'Pilot', 'Uchuvchi', '', 'phrase', 'A1', 13),
('a0000008-0001-4001-8000-000000000001', 'c0000008-0001-4000-8000-000000000001', 'Pupil', 'O''quvchi', '', 'phrase', 'A1', 14),
('a0000008-0001-4001-8000-000000000001', 'c0000008-0001-4000-8000-000000000001', 'Student', 'Talaba', '', 'phrase', 'A1', 15),
('a0000008-0001-4001-8000-000000000001', 'c0000008-0001-4000-8000-000000000001', 'Bus driver', 'Avtobus haydovchisi', '', 'phrase', 'A1', 16),
('a0000008-0001-4001-8000-000000000001', 'c0000008-0001-4000-8000-000000000001', 'Postman', 'Pochtachi', '', 'phrase', 'A1', 17),
('a0000008-0001-4001-8000-000000000001', 'c0000008-0001-4000-8000-000000000001', 'Sailor', 'Dengizchi', '', 'phrase', 'A1', 18),
('a0000008-0001-4001-8000-000000000001', 'c0000008-0001-4000-8000-000000000001', 'Doctor', 'Shifokor', '', 'phrase', 'A1', 19),
('a0000008-0001-4001-8000-000000000001', 'c0000008-0001-4000-8000-000000000001', 'Cloud', 'Bulut', '', 'phrase', 'A1', 20),
('a0000008-0001-4001-8000-000000000001', 'c0000008-0001-4000-8000-000000000001', 'Boat', 'Qayiq', '', 'phrase', 'A1', 21),
('a0000008-0001-4001-8000-000000000001', 'c0000008-0001-4000-8000-000000000001', 'Shark', 'Akula', '', 'phrase', 'A1', 22),
('a0000008-0001-4001-8000-000000000001', 'c0000008-0001-4000-8000-000000000001', 'Skirt', 'Yubka', '', 'phrase', 'A1', 23),
('a0000008-0001-4001-8000-000000000001', 'c0000008-0001-4000-8000-000000000001', 'Boot', 'Etik', '', 'phrase', 'A1', 24),
('a0000008-0001-4001-8000-000000000001', 'c0000008-0001-4000-8000-000000000001', 'Shirt', 'Ko''ylak (o''g''il b.)', '', 'phrase', 'A1', 25),
('a0000008-0001-4001-8000-000000000001', 'c0000008-0001-4000-8000-000000000001', 'Dress', 'Ko''ylak (qiz b.)', '', 'phrase', 'A1', 26),
('a0000008-0001-4001-8000-000000000001', 'c0000008-0001-4000-8000-000000000001', 'Trousers', 'Shim', '', 'phrase', 'A1', 27);

-- Unit 2 (27 words)
INSERT INTO units (id, collection_id, title, unit_number, word_count)
VALUES ('a0000008-0001-4002-8000-000000000001', 'c0000008-0001-4000-8000-000000000001', 'Unit 2', 2, 27);

INSERT INTO words (unit_id, collection_id, word, translation, example_sentence, word_type, difficulty, word_number) VALUES
('a0000008-0001-4002-8000-000000000001', 'c0000008-0001-4000-8000-000000000001', 'Cake', 'To''rt', '', 'phrase', 'A1', 1),
('a0000008-0001-4002-8000-000000000001', 'c0000008-0001-4000-8000-000000000001', 'Monster', 'Mahluq', '', 'phrase', 'A1', 2),
('a0000008-0001-4002-8000-000000000001', 'c0000008-0001-4000-8000-000000000001', 'Blue', 'Moviy', '', 'phrase', 'A1', 3),
('a0000008-0001-4002-8000-000000000001', 'c0000008-0001-4000-8000-000000000001', 'Red', 'Qizil', '', 'phrase', 'A1', 4),
('a0000008-0001-4002-8000-000000000001', 'c0000008-0001-4000-8000-000000000001', 'Pink', 'Pushti', '', 'phrase', 'A1', 5),
('a0000008-0001-4002-8000-000000000001', 'c0000008-0001-4000-8000-000000000001', 'Yellow', 'Sariq', '', 'phrase', 'A1', 6),
('a0000008-0001-4002-8000-000000000001', 'c0000008-0001-4000-8000-000000000001', 'Black', 'Qora', '', 'phrase', 'A1', 7),
('a0000008-0001-4002-8000-000000000001', 'c0000008-0001-4000-8000-000000000001', 'Green', 'Yashil', '', 'phrase', 'A1', 8),
('a0000008-0001-4002-8000-000000000001', 'c0000008-0001-4000-8000-000000000001', 'Purple', 'Binafsha', '', 'phrase', 'A1', 9),
('a0000008-0001-4002-8000-000000000001', 'c0000008-0001-4000-8000-000000000001', 'Long', 'Uzun', '', 'phrase', 'A1', 10),
('a0000008-0001-4002-8000-000000000001', 'c0000008-0001-4000-8000-000000000001', 'Blonde', 'Och sariq', '', 'phrase', 'A1', 11),
('a0000008-0001-4002-8000-000000000001', 'c0000008-0001-4000-8000-000000000001', 'Hair', 'Soch', '', 'phrase', 'A1', 12),
('a0000008-0001-4002-8000-000000000001', 'c0000008-0001-4000-8000-000000000001', 'Big', 'Katta', '', 'phrase', 'A1', 13),
('a0000008-0001-4002-8000-000000000001', 'c0000008-0001-4000-8000-000000000001', 'Small', 'Kichkina', '', 'phrase', 'A1', 14),
('a0000008-0001-4002-8000-000000000001', 'c0000008-0001-4000-8000-000000000001', 'Beautiful', 'Chiroyli', '', 'phrase', 'A1', 15),
('a0000008-0001-4002-8000-000000000001', 'c0000008-0001-4000-8000-000000000001', 'Face', 'Yuz', '', 'phrase', 'A1', 16),
('a0000008-0001-4002-8000-000000000001', 'c0000008-0001-4000-8000-000000000001', 'Short', 'Kalta', '', 'phrase', 'A1', 17),
('a0000008-0001-4002-8000-000000000001', 'c0000008-0001-4000-8000-000000000001', 'Arm', 'Qo''l', '', 'phrase', 'A1', 18),
('a0000008-0001-4002-8000-000000000001', 'c0000008-0001-4000-8000-000000000001', 'Hand', 'Qo''l', '', 'phrase', 'A1', 19),
('a0000008-0001-4002-8000-000000000001', 'c0000008-0001-4000-8000-000000000001', 'Leg', 'Oyoq', '', 'phrase', 'A1', 20),
('a0000008-0001-4002-8000-000000000001', 'c0000008-0001-4000-8000-000000000001', 'Foot', 'Oyoq', '', 'phrase', 'A1', 21),
('a0000008-0001-4002-8000-000000000001', 'c0000008-0001-4000-8000-000000000001', 'Balloon', 'Shar', '', 'phrase', 'A1', 22),
('a0000008-0001-4002-8000-000000000001', 'c0000008-0001-4000-8000-000000000001', 'Bike', 'Velosiped', '', 'phrase', 'A1', 23),
('a0000008-0001-4002-8000-000000000001', 'c0000008-0001-4000-8000-000000000001', 'Farmhouse', 'Ferma', '', 'phrase', 'A1', 24),
('a0000008-0001-4002-8000-000000000001', 'c0000008-0001-4000-8000-000000000001', 'Farmer', 'Fermer', '', 'phrase', 'A1', 25),
('a0000008-0001-4002-8000-000000000001', 'c0000008-0001-4000-8000-000000000001', 'Tractor', 'Traktor', '', 'phrase', 'A1', 26),
('a0000008-0001-4002-8000-000000000001', 'c0000008-0001-4000-8000-000000000001', 'Cow', 'Sigir', '', 'phrase', 'A1', 27);

-- Unit 3 (27 words)
INSERT INTO units (id, collection_id, title, unit_number, word_count)
VALUES ('a0000008-0001-4003-8000-000000000001', 'c0000008-0001-4000-8000-000000000001', 'Unit 3', 3, 27);

INSERT INTO words (unit_id, collection_id, word, translation, example_sentence, word_type, difficulty, word_number) VALUES
('a0000008-0001-4003-8000-000000000001', 'c0000008-0001-4000-8000-000000000001', 'Donkey', 'Eshak', '', 'phrase', 'A1', 1),
('a0000008-0001-4003-8000-000000000001', 'c0000008-0001-4000-8000-000000000001', 'Dirty', 'Iflos', '', 'phrase', 'A1', 2),
('a0000008-0001-4003-8000-000000000001', 'c0000008-0001-4000-8000-000000000001', 'Goat', 'Echki', '', 'phrase', 'A1', 3),
('a0000008-0001-4003-8000-000000000001', 'c0000008-0001-4000-8000-000000000001', 'Sea', 'Dengiz', '', 'phrase', 'A1', 4),
('a0000008-0001-4003-8000-000000000001', 'c0000008-0001-4000-8000-000000000001', 'House', 'Uy', '', 'phrase', 'A1', 5),
('a0000008-0001-4003-8000-000000000001', 'c0000008-0001-4000-8000-000000000001', 'Window', 'Deraza', '', 'phrase', 'A1', 6),
('a0000008-0001-4003-8000-000000000001', 'c0000008-0001-4000-8000-000000000001', 'Door', 'Eshik', '', 'phrase', 'A1', 7),
('a0000008-0001-4003-8000-000000000001', 'c0000008-0001-4000-8000-000000000001', 'Kitchen', 'Oshxona', '', 'phrase', 'A1', 8),
('a0000008-0001-4003-8000-000000000001', 'c0000008-0001-4000-8000-000000000001', 'Cooker', 'Pechka', '', 'phrase', 'A1', 9),
('a0000008-0001-4003-8000-000000000001', 'c0000008-0001-4000-8000-000000000001', 'Cupboard', 'Shkaf', '', 'phrase', 'A1', 10),
('a0000008-0001-4003-8000-000000000001', 'c0000008-0001-4000-8000-000000000001', 'Cup', 'Chashka', '', 'phrase', 'A1', 11),
('a0000008-0001-4003-8000-000000000001', 'c0000008-0001-4000-8000-000000000001', 'Chair', 'Kursi', '', 'phrase', 'A1', 12),
('a0000008-0001-4003-8000-000000000001', 'c0000008-0001-4000-8000-000000000001', 'Fridge', 'Muzlatgich', '', 'phrase', 'A1', 13),
('a0000008-0001-4003-8000-000000000001', 'c0000008-0001-4000-8000-000000000001', 'Dishwasher', 'Idish yuvadigan mashina', '', 'phrase', 'A1', 14),
('a0000008-0001-4003-8000-000000000001', 'c0000008-0001-4000-8000-000000000001', 'Bedroom', 'Yotoq xona', '', 'phrase', 'A1', 15),
('a0000008-0001-4003-8000-000000000001', 'c0000008-0001-4000-8000-000000000001', 'Bed', 'Kravat', '', 'phrase', 'A1', 16),
('a0000008-0001-4003-8000-000000000001', 'c0000008-0001-4000-8000-000000000001', 'Pillow', 'Yostiq', '', 'phrase', 'A1', 17),
('a0000008-0001-4003-8000-000000000001', 'c0000008-0001-4000-8000-000000000001', 'Picture', 'Rasm', '', 'phrase', 'A1', 18),
('a0000008-0001-4003-8000-000000000001', 'c0000008-0001-4000-8000-000000000001', 'Living-room', 'Mehmonxona', '', 'phrase', 'A1', 19),
('a0000008-0001-4003-8000-000000000001', 'c0000008-0001-4000-8000-000000000001', 'Armchair', 'Kreslo', '', 'phrase', 'A1', 20),
('a0000008-0001-4003-8000-000000000001', 'c0000008-0001-4000-8000-000000000001', 'Sofa', 'Divan', '', 'phrase', 'A1', 21),
('a0000008-0001-4003-8000-000000000001', 'c0000008-0001-4000-8000-000000000001', 'TV', 'Televizor', '', 'phrase', 'A1', 22),
('a0000008-0001-4003-8000-000000000001', 'c0000008-0001-4000-8000-000000000001', 'Bathroom', 'Vanna xona', '', 'phrase', 'A1', 23),
('a0000008-0001-4003-8000-000000000001', 'c0000008-0001-4000-8000-000000000001', 'Bath', 'Vanna', '', 'phrase', 'A1', 24),
('a0000008-0001-4003-8000-000000000001', 'c0000008-0001-4000-8000-000000000001', 'Shower', 'Dush', '', 'phrase', 'A1', 25),
('a0000008-0001-4003-8000-000000000001', 'c0000008-0001-4000-8000-000000000001', 'Towel', 'Sochiq', '', 'phrase', 'A1', 26),
('a0000008-0001-4003-8000-000000000001', 'c0000008-0001-4000-8000-000000000001', 'Toilet', 'Tualet', '', 'phrase', 'A1', 27);

-- Unit 4 (26 words)
INSERT INTO units (id, collection_id, title, unit_number, word_count)
VALUES ('a0000008-0001-4004-8000-000000000001', 'c0000008-0001-4000-8000-000000000001', 'Unit 4', 4, 26);

INSERT INTO words (unit_id, collection_id, word, translation, example_sentence, word_type, difficulty, word_number) VALUES
('a0000008-0001-4004-8000-000000000001', 'c0000008-0001-4000-8000-000000000001', 'Mirror', 'Ko''zgu', '', 'phrase', 'A1', 1),
('a0000008-0001-4004-8000-000000000001', 'c0000008-0001-4000-8000-000000000001', 'Ticket', 'Bilet', '', 'phrase', 'A1', 2),
('a0000008-0001-4004-8000-000000000001', 'c0000008-0001-4000-8000-000000000001', 'Sunglasses', 'Ko''zoynak', '', 'phrase', 'A1', 3),
('a0000008-0001-4004-8000-000000000001', 'c0000008-0001-4000-8000-000000000001', 'Tail', 'Dum (hayvon)', '', 'phrase', 'A1', 4),
('a0000008-0001-4004-8000-000000000001', 'c0000008-0001-4000-8000-000000000001', 'Schoolbag', 'Papka', '', 'phrase', 'A1', 5),
('a0000008-0001-4004-8000-000000000001', 'c0000008-0001-4000-8000-000000000001', 'Grandma', 'Buvi', '', 'phrase', 'A1', 6),
('a0000008-0001-4004-8000-000000000001', 'c0000008-0001-4000-8000-000000000001', 'Grandpa', 'Buva', '', 'phrase', 'A1', 7),
('a0000008-0001-4004-8000-000000000001', 'c0000008-0001-4000-8000-000000000001', 'Aunt', 'Amma; xola', '', 'phrase', 'A1', 8),
('a0000008-0001-4004-8000-000000000001', 'c0000008-0001-4000-8000-000000000001', 'Uncle', 'Tog''a; amaki', '', 'phrase', 'A1', 9),
('a0000008-0001-4004-8000-000000000001', 'c0000008-0001-4000-8000-000000000001', 'Cousin', 'Jiyan', '', 'phrase', 'A1', 10),
('a0000008-0001-4004-8000-000000000001', 'c0000008-0001-4000-8000-000000000001', 'Grandchildren', 'Nevara', '', 'phrase', 'A1', 11),
('a0000008-0001-4004-8000-000000000001', 'c0000008-0001-4000-8000-000000000001', 'Brother', 'Aka; uka', '', 'phrase', 'A1', 12),
('a0000008-0001-4004-8000-000000000001', 'c0000008-0001-4000-8000-000000000001', 'Sister', 'Opa; singil', '', 'phrase', 'A1', 13),
('a0000008-0001-4004-8000-000000000001', 'c0000008-0001-4000-8000-000000000001', 'Son', 'O''g''il', '', 'phrase', 'A1', 14),
('a0000008-0001-4004-8000-000000000001', 'c0000008-0001-4000-8000-000000000001', 'Daughter', 'Qiz', '', 'phrase', 'A1', 15),
('a0000008-0001-4004-8000-000000000001', 'c0000008-0001-4000-8000-000000000001', 'Father', 'Dada', '', 'phrase', 'A1', 16),
('a0000008-0001-4004-8000-000000000001', 'c0000008-0001-4000-8000-000000000001', 'Mother', 'Ona', '', 'phrase', 'A1', 17),
('a0000008-0001-4004-8000-000000000001', 'c0000008-0001-4000-8000-000000000001', 'Husband', 'Er', '', 'phrase', 'A1', 18),
('a0000008-0001-4004-8000-000000000001', 'c0000008-0001-4000-8000-000000000001', 'Wife', 'Xotin', '', 'phrase', 'A1', 19),
('a0000008-0001-4004-8000-000000000001', 'c0000008-0001-4000-8000-000000000001', 'Parrot', 'To''tiqush', '', 'phrase', 'A1', 20),
('a0000008-0001-4004-8000-000000000001', 'c0000008-0001-4000-8000-000000000001', 'Count', 'Sanamoq', '', 'phrase', 'A1', 21),
('a0000008-0001-4004-8000-000000000001', 'c0000008-0001-4000-8000-000000000001', 'Sleep', 'Uxlamoq', '', 'phrase', 'A1', 22),
('a0000008-0001-4004-8000-000000000001', 'c0000008-0001-4000-8000-000000000001', 'Bark', 'Hurmoq; vovvullamoq', '', 'phrase', 'A1', 23),
('a0000008-0001-4004-8000-000000000001', 'c0000008-0001-4000-8000-000000000001', 'Bite', 'Tishlamoq', '', 'phrase', 'A1', 24),
('a0000008-0001-4004-8000-000000000001', 'c0000008-0001-4000-8000-000000000001', 'Help', 'Yordam bermoq', '', 'phrase', 'A1', 25),
('a0000008-0001-4004-8000-000000000001', 'c0000008-0001-4000-8000-000000000001', 'Guess', 'Taxmin qilmoq', '', 'phrase', 'A1', 26);

-- Unit 5 (26 words)
INSERT INTO units (id, collection_id, title, unit_number, word_count)
VALUES ('a0000008-0001-4005-8000-000000000001', 'c0000008-0001-4000-8000-000000000001', 'Unit 5', 5, 26);

INSERT INTO words (unit_id, collection_id, word, translation, example_sentence, word_type, difficulty, word_number) VALUES
('a0000008-0001-4005-8000-000000000001', 'c0000008-0001-4000-8000-000000000001', 'Pet', 'Sevimli uy hayvoni', '', 'phrase', 'A1', 1),
('a0000008-0001-4005-8000-000000000001', 'c0000008-0001-4000-8000-000000000001', 'Can', 'Qila olmoq', '', 'phrase', 'A1', 2),
('a0000008-0001-4005-8000-000000000001', 'c0000008-0001-4000-8000-000000000001', 'Walk', 'Yurmoq', '', 'phrase', 'A1', 3),
('a0000008-0001-4005-8000-000000000001', 'c0000008-0001-4000-8000-000000000001', 'Talk', 'Gapirmoq', '', 'phrase', 'A1', 4),
('a0000008-0001-4005-8000-000000000001', 'c0000008-0001-4000-8000-000000000001', 'Fly', 'Uchmoq', '', 'phrase', 'A1', 5),
('a0000008-0001-4005-8000-000000000001', 'c0000008-0001-4000-8000-000000000001', 'Cry', 'Yig''lamoq', '', 'phrase', 'A1', 6),
('a0000008-0001-4005-8000-000000000001', 'c0000008-0001-4000-8000-000000000001', 'Sing', 'Kuylamoq', '', 'phrase', 'A1', 7),
('a0000008-0001-4005-8000-000000000001', 'c0000008-0001-4000-8000-000000000001', 'Dance', 'Raqs ga tushmoq', '', 'phrase', 'A1', 8),
('a0000008-0001-4005-8000-000000000001', 'c0000008-0001-4000-8000-000000000001', 'Clap', 'Qarsak chalmoq', '', 'phrase', 'A1', 9),
('a0000008-0001-4005-8000-000000000001', 'c0000008-0001-4000-8000-000000000001', 'Paint', 'Bo''yamoq', '', 'phrase', 'A1', 10),
('a0000008-0001-4005-8000-000000000001', 'c0000008-0001-4000-8000-000000000001', 'Swim', 'Suzmoq', '', 'phrase', 'A1', 11),
('a0000008-0001-4005-8000-000000000001', 'c0000008-0001-4000-8000-000000000001', 'Dive', 'Sho''ng''imoq', '', 'phrase', 'A1', 12),
('a0000008-0001-4005-8000-000000000001', 'c0000008-0001-4000-8000-000000000001', 'Read', 'O''qimoq', '', 'phrase', 'A1', 13),
('a0000008-0001-4005-8000-000000000001', 'c0000008-0001-4000-8000-000000000001', 'Write', 'Yozmoq', '', 'phrase', 'A1', 14),
('a0000008-0001-4005-8000-000000000001', 'c0000008-0001-4000-8000-000000000001', 'Run', 'Yugurmoq', '', 'phrase', 'A1', 15),
('a0000008-0001-4005-8000-000000000001', 'c0000008-0001-4000-8000-000000000001', 'Jump', 'Sakramoq', '', 'phrase', 'A1', 16),
('a0000008-0001-4005-8000-000000000001', 'c0000008-0001-4000-8000-000000000001', 'Drive', 'Haydamoq (car)', '', 'phrase', 'A1', 17),
('a0000008-0001-4005-8000-000000000001', 'c0000008-0001-4000-8000-000000000001', 'Ride', 'Haydamoq (horse)', '', 'phrase', 'A1', 18),
('a0000008-0001-4005-8000-000000000001', 'c0000008-0001-4000-8000-000000000001', 'Climb', 'Tirmashmoq', '', 'phrase', 'A1', 19),
('a0000008-0001-4005-8000-000000000001', 'c0000008-0001-4000-8000-000000000001', 'See', 'Ko''rmoq', '', 'phrase', 'A1', 20),
('a0000008-0001-4005-8000-000000000001', 'c0000008-0001-4000-8000-000000000001', 'Hear', 'Eshitmoq', '', 'phrase', 'A1', 21),
('a0000008-0001-4005-8000-000000000001', 'c0000008-0001-4000-8000-000000000001', 'Eat', 'Yemoq', '', 'phrase', 'A1', 22),
('a0000008-0001-4005-8000-000000000001', 'c0000008-0001-4000-8000-000000000001', 'Drink', 'Ichmoq', '', 'phrase', 'A1', 23),
('a0000008-0001-4005-8000-000000000001', 'c0000008-0001-4000-8000-000000000001', 'Cook', 'Pishirmoq', '', 'phrase', 'A1', 24),
('a0000008-0001-4005-8000-000000000001', 'c0000008-0001-4000-8000-000000000001', 'Clean', 'Tozalamoq', '', 'phrase', 'A1', 25),
('a0000008-0001-4005-8000-000000000001', 'c0000008-0001-4000-8000-000000000001', 'Wash', 'Yuvmoq', '', 'phrase', 'A1', 26);

-- Unit 6 (26 words)
INSERT INTO units (id, collection_id, title, unit_number, word_count)
VALUES ('a0000008-0001-4006-8000-000000000001', 'c0000008-0001-4000-8000-000000000001', 'Unit 6', 6, 26);

INSERT INTO words (unit_id, collection_id, word, translation, example_sentence, word_type, difficulty, word_number) VALUES
('a0000008-0001-4006-8000-000000000001', 'c0000008-0001-4000-8000-000000000001', 'Animal', 'Hayvon', '', 'phrase', 'A1', 1),
('a0000008-0001-4006-8000-000000000001', 'c0000008-0001-4000-8000-000000000001', 'Jacket', 'Kostum', '', 'phrase', 'A1', 2),
('a0000008-0001-4006-8000-000000000001', 'c0000008-0001-4000-8000-000000000001', 'Scarf', 'Sharf', '', 'phrase', 'A1', 3),
('a0000008-0001-4006-8000-000000000001', 'c0000008-0001-4000-8000-000000000001', 'Jeans', 'Jensi shim', '', 'phrase', 'A1', 4),
('a0000008-0001-4006-8000-000000000001', 'c0000008-0001-4000-8000-000000000001', 'Helmet', 'Shlem', '', 'phrase', 'A1', 5),
('a0000008-0001-4006-8000-000000000001', 'c0000008-0001-4000-8000-000000000001', 'Blouse', 'Kofta', '', 'phrase', 'A1', 6),
('a0000008-0001-4006-8000-000000000001', 'c0000008-0001-4000-8000-000000000001', 'Slippers', 'Shippak', '', 'phrase', 'A1', 7),
('a0000008-0001-4006-8000-000000000001', 'c0000008-0001-4000-8000-000000000001', 'Jumper', 'Jemper', '', 'phrase', 'A1', 8),
('a0000008-0001-4006-8000-000000000001', 'c0000008-0001-4000-8000-000000000001', 'Tie', 'Galstuk', '', 'phrase', 'A1', 9),
('a0000008-0001-4006-8000-000000000001', 'c0000008-0001-4000-8000-000000000001', 'Shorts', 'Shortik', '', 'phrase', 'A1', 10),
('a0000008-0001-4006-8000-000000000001', 'c0000008-0001-4000-8000-000000000001', 'T-shirt', 'Futbolka', '', 'phrase', 'A1', 11),
('a0000008-0001-4006-8000-000000000001', 'c0000008-0001-4000-8000-000000000001', 'Wake-up', 'Uyg''onmoq', '', 'phrase', 'A1', 12),
('a0000008-0001-4006-8000-000000000001', 'c0000008-0001-4000-8000-000000000001', 'Butterfly', 'Kapalak', '', 'phrase', 'A1', 13),
('a0000008-0001-4006-8000-000000000001', 'c0000008-0001-4000-8000-000000000001', 'High', 'Yuqori', '', 'phrase', 'A1', 14),
('a0000008-0001-4006-8000-000000000001', 'c0000008-0001-4000-8000-000000000001', 'Sun', 'Quyosh', '', 'phrase', 'A1', 15),
('a0000008-0001-4006-8000-000000000001', 'c0000008-0001-4000-8000-000000000001', 'Fun', 'Xursandchilik', '', 'phrase', 'A1', 16),
('a0000008-0001-4006-8000-000000000001', 'c0000008-0001-4000-8000-000000000001', 'Tea', 'Choy', '', 'phrase', 'A1', 17),
('a0000008-0001-4006-8000-000000000001', 'c0000008-0001-4000-8000-000000000001', 'Kick', 'Tepmoq', '', 'phrase', 'A1', 18),
('a0000008-0001-4006-8000-000000000001', 'c0000008-0001-4000-8000-000000000001', 'Listen', 'Tinglamoq', '', 'phrase', 'A1', 19),
('a0000008-0001-4006-8000-000000000001', 'c0000008-0001-4000-8000-000000000001', 'Swan', 'Oq qush', '', 'phrase', 'A1', 20),
('a0000008-0001-4006-8000-000000000001', 'c0000008-0001-4000-8000-000000000001', 'Prince', 'Shahzoda', '', 'phrase', 'A1', 21),
('a0000008-0001-4006-8000-000000000001', 'c0000008-0001-4000-8000-000000000001', 'Sky', 'Osmon', '', 'phrase', 'A1', 22),
('a0000008-0001-4006-8000-000000000001', 'c0000008-0001-4000-8000-000000000001', 'Grass', 'O''t; maysa', '', 'phrase', 'A1', 23),
('a0000008-0001-4006-8000-000000000001', 'c0000008-0001-4000-8000-000000000001', 'Rock', 'Qoya', '', 'phrase', 'A1', 24),
('a0000008-0001-4006-8000-000000000001', 'c0000008-0001-4000-8000-000000000001', 'Action', 'Harakat', '', 'phrase', 'A1', 25),
('a0000008-0001-4006-8000-000000000001', 'c0000008-0001-4000-8000-000000000001', 'Permanent', 'Doimiy', '', 'phrase', 'A1', 26);

-- ─── Update collection total_units counts ───
UPDATE collections SET total_units = (SELECT COUNT(*) FROM units WHERE collection_id = 'c0000008-0001-4000-8000-000000000001') WHERE id = 'c0000008-0001-4000-8000-000000000001';

-- ─── Collection: Round Up 2 ────────────────────────────────────────

INSERT INTO collections (id, title, short_title, description, category, difficulty, cover_emoji, cover_color, total_units, is_published)
VALUES ('c0000008-0002-4000-8000-000000000001', 'Round Up 2', 'Round Up 2', 'Vocabulary words from Round Up 2', 'esl', 'A1', '📙', '#EAB308', 6, true);

-- Unit 1 (29 words)
INSERT INTO units (id, collection_id, title, unit_number, word_count)
VALUES ('a0000008-0002-4001-8000-000000000001', 'c0000008-0002-4000-8000-000000000001', 'Unit 1', 1, 29);

INSERT INTO words (unit_id, collection_id, word, translation, example_sentence, word_type, difficulty, word_number) VALUES
('a0000008-0002-4001-8000-000000000001', 'c0000008-0002-4000-8000-000000000001', 'Thirsty', 'Chanqamoq', '', 'phrase', 'A1', 1),
('a0000008-0002-4001-8000-000000000001', 'c0000008-0002-4000-8000-000000000001', 'Magician', 'Sehrgar', '', 'phrase', 'A1', 2),
('a0000008-0002-4001-8000-000000000001', 'c0000008-0002-4000-8000-000000000001', 'Drummer', 'Barabanchi', '', 'phrase', 'A1', 3),
('a0000008-0002-4001-8000-000000000001', 'c0000008-0002-4000-8000-000000000001', 'Wing', 'Qanot', '', 'phrase', 'A1', 4),
('a0000008-0002-4001-8000-000000000001', 'c0000008-0002-4000-8000-000000000001', 'Ring', 'Uzuk', '', 'phrase', 'A1', 5),
('a0000008-0002-4001-8000-000000000001', 'c0000008-0002-4000-8000-000000000001', 'Parrot', 'To''tiqush', '', 'phrase', 'A1', 6),
('a0000008-0002-4001-8000-000000000001', 'c0000008-0002-4000-8000-000000000001', 'Bone', 'Suyak', '', 'phrase', 'A1', 7),
('a0000008-0002-4001-8000-000000000001', 'c0000008-0002-4000-8000-000000000001', 'Draw', 'Chizmoq (qalam)', '', 'phrase', 'A1', 8),
('a0000008-0002-4001-8000-000000000001', 'c0000008-0002-4000-8000-000000000001', 'Nationality', 'Millat', '', 'phrase', 'A1', 9),
('a0000008-0002-4001-8000-000000000001', 'c0000008-0002-4000-8000-000000000001', 'Ability', 'Qobiliyat', '', 'phrase', 'A1', 10),
('a0000008-0002-4001-8000-000000000001', 'c0000008-0002-4000-8000-000000000001', 'Mosquito', 'Chivin', '', 'phrase', 'A1', 11),
('a0000008-0002-4001-8000-000000000001', 'c0000008-0002-4000-8000-000000000001', 'Bench', 'O''rindiq', '', 'phrase', 'A1', 12),
('a0000008-0002-4001-8000-000000000001', 'c0000008-0002-4000-8000-000000000001', 'Diary', 'Sutchilik fermasi', '', 'phrase', 'A1', 13),
('a0000008-0002-4001-8000-000000000001', 'c0000008-0002-4000-8000-000000000001', 'Story', 'Hikoya', '', 'phrase', 'A1', 14),
('a0000008-0002-4001-8000-000000000001', 'c0000008-0002-4000-8000-000000000001', 'Help', 'Ovqatlantirmoq', '', 'phrase', 'A1', 15),
('a0000008-0002-4001-8000-000000000001', 'c0000008-0002-4000-8000-000000000001', 'Net', 'To''r', '', 'phrase', 'A1', 16),
('a0000008-0002-4001-8000-000000000001', 'c0000008-0002-4000-8000-000000000001', 'Pizza', 'Pitsa', '', 'phrase', 'A1', 17),
('a0000008-0002-4001-8000-000000000001', 'c0000008-0002-4000-8000-000000000001', 'Letter', 'Xat', '', 'phrase', 'A1', 18),
('a0000008-0002-4001-8000-000000000001', 'c0000008-0002-4000-8000-000000000001', 'Repeat', 'Takrorlamoq', '', 'phrase', 'A1', 19),
('a0000008-0002-4001-8000-000000000001', 'c0000008-0002-4000-8000-000000000001', 'Now', 'Hozir', '', 'phrase', 'A1', 20),
('a0000008-0002-4001-8000-000000000001', 'c0000008-0002-4000-8000-000000000001', 'At present', 'Hozir', '', 'phrase', 'A1', 21),
('a0000008-0002-4001-8000-000000000001', 'c0000008-0002-4000-8000-000000000001', 'At the moment', 'Hozir', '', 'phrase', 'A1', 22),
('a0000008-0002-4001-8000-000000000001', 'c0000008-0002-4000-8000-000000000001', 'Today', 'Bugun', '', 'phrase', 'A1', 23),
('a0000008-0002-4001-8000-000000000001', 'c0000008-0002-4000-8000-000000000001', 'Temporary', 'Vaqtinchalik', '', 'phrase', 'A1', 24),
('a0000008-0002-4001-8000-000000000001', 'c0000008-0002-4000-8000-000000000001', 'Happen', 'Sodir bo''lmoq', '', 'phrase', 'A1', 25),
('a0000008-0002-4001-8000-000000000001', 'c0000008-0002-4000-8000-000000000001', 'Fight', 'Urushmoq', '', 'phrase', 'A1', 26),
('a0000008-0002-4001-8000-000000000001', 'c0000008-0002-4000-8000-000000000001', 'Engine', 'Motor', '', 'phrase', 'A1', 27),
('a0000008-0002-4001-8000-000000000001', 'c0000008-0002-4000-8000-000000000001', 'Old', 'Eski; qari', '', 'phrase', 'A1', 28),
('a0000008-0002-4001-8000-000000000001', 'c0000008-0002-4000-8000-000000000001', 'Newspaper', 'Gazeta', '', 'phrase', 'A1', 29);

-- Unit 2 (28 words)
INSERT INTO units (id, collection_id, title, unit_number, word_count)
VALUES ('a0000008-0002-4002-8000-000000000001', 'c0000008-0002-4000-8000-000000000001', 'Unit 2', 2, 28);

INSERT INTO words (unit_id, collection_id, word, translation, example_sentence, word_type, difficulty, word_number) VALUES
('a0000008-0002-4002-8000-000000000001', 'c0000008-0002-4000-8000-000000000001', 'Milk', 'Sut', '', 'phrase', 'A1', 1),
('a0000008-0002-4002-8000-000000000001', 'c0000008-0002-4000-8000-000000000001', 'Chicken', 'Jo''ja', '', 'phrase', 'A1', 2),
('a0000008-0002-4002-8000-000000000001', 'c0000008-0002-4000-8000-000000000001', 'Wardrobe', 'Kiyim javoni', '', 'phrase', 'A1', 3),
('a0000008-0002-4002-8000-000000000001', 'c0000008-0002-4000-8000-000000000001', 'Pirate', 'Qaroqchi', '', 'phrase', 'A1', 4),
('a0000008-0002-4002-8000-000000000001', 'c0000008-0002-4000-8000-000000000001', 'Sword', 'Qilich', '', 'phrase', 'A1', 5),
('a0000008-0002-4002-8000-000000000001', 'c0000008-0002-4000-8000-000000000001', 'Ghost', 'Arvoh', '', 'phrase', 'A1', 6),
('a0000008-0002-4002-8000-000000000001', 'c0000008-0002-4000-8000-000000000001', 'Dracula', 'Vampir', '', 'phrase', 'A1', 7),
('a0000008-0002-4002-8000-000000000001', 'c0000008-0002-4000-8000-000000000001', 'Flag', 'Bayroq', '', 'phrase', 'A1', 8),
('a0000008-0002-4002-8000-000000000001', 'c0000008-0002-4000-8000-000000000001', 'Sock', 'Paypoq', '', 'phrase', 'A1', 9),
('a0000008-0002-4002-8000-000000000001', 'c0000008-0002-4000-8000-000000000001', 'Candle', 'Sham', '', 'phrase', 'A1', 10),
('a0000008-0002-4002-8000-000000000001', 'c0000008-0002-4000-8000-000000000001', 'Spoon', 'Qoshiq', '', 'phrase', 'A1', 11),
('a0000008-0002-4002-8000-000000000001', 'c0000008-0002-4000-8000-000000000001', 'Trunk', 'Tana; xartum', '', 'phrase', 'A1', 12),
('a0000008-0002-4002-8000-000000000001', 'c0000008-0002-4000-8000-000000000001', 'Newspaper', 'Gazeta', '', 'phrase', 'A1', 13),
('a0000008-0002-4002-8000-000000000001', 'c0000008-0002-4000-8000-000000000001', 'Lady', 'Xonim', '', 'phrase', 'A1', 14),
('a0000008-0002-4002-8000-000000000001', 'c0000008-0002-4000-8000-000000000001', 'Swing', 'Tebratmoq', '', 'phrase', 'A1', 15),
('a0000008-0002-4002-8000-000000000001', 'c0000008-0002-4000-8000-000000000001', 'Lollipop', 'Chupa-chups', '', 'phrase', 'A1', 16),
('a0000008-0002-4002-8000-000000000001', 'c0000008-0002-4000-8000-000000000001', 'Matchbox', 'Gugurt qutusi', '', 'phrase', 'A1', 17),
('a0000008-0002-4002-8000-000000000001', 'c0000008-0002-4000-8000-000000000001', 'Field', 'Dala', '', 'phrase', 'A1', 18),
('a0000008-0002-4002-8000-000000000001', 'c0000008-0002-4000-8000-000000000001', 'Bring', 'Olib kelmoq', '', 'phrase', 'A1', 19),
('a0000008-0002-4002-8000-000000000001', 'c0000008-0002-4000-8000-000000000001', 'Fight', 'Urushmoq', '', 'phrase', 'A1', 20),
('a0000008-0002-4002-8000-000000000001', 'c0000008-0002-4000-8000-000000000001', 'Steal', 'O''g''irlamoq', '', 'phrase', 'A1', 21),
('a0000008-0002-4002-8000-000000000001', 'c0000008-0002-4000-8000-000000000001', 'Situation', 'Holat', '', 'phrase', 'A1', 22),
('a0000008-0002-4002-8000-000000000001', 'c0000008-0002-4000-8000-000000000001', 'Usually', 'Odatda', '', 'phrase', 'A1', 23),
('a0000008-0002-4002-8000-000000000001', 'c0000008-0002-4000-8000-000000000001', 'Always', 'Har doim', '', 'phrase', 'A1', 24),
('a0000008-0002-4002-8000-000000000001', 'c0000008-0002-4000-8000-000000000001', 'Sometimes', 'Ba''zan', '', 'phrase', 'A1', 25),
('a0000008-0002-4002-8000-000000000001', 'c0000008-0002-4000-8000-000000000001', 'Seldom', 'Kamdan-kam', '', 'phrase', 'A1', 26),
('a0000008-0002-4002-8000-000000000001', 'c0000008-0002-4000-8000-000000000001', 'Never', 'Hech qachon', '', 'phrase', 'A1', 27),
('a0000008-0002-4002-8000-000000000001', 'c0000008-0002-4000-8000-000000000001', 'Every day', 'Har kuni', '', 'phrase', 'A1', 28);

-- Unit 3 (28 words)
INSERT INTO units (id, collection_id, title, unit_number, word_count)
VALUES ('a0000008-0002-4003-8000-000000000001', 'c0000008-0002-4000-8000-000000000001', 'Unit 3', 3, 28);

INSERT INTO words (unit_id, collection_id, word, translation, example_sentence, word_type, difficulty, word_number) VALUES
('a0000008-0002-4003-8000-000000000001', 'c0000008-0002-4000-8000-000000000001', 'Every month', 'Har oy', '', 'phrase', 'A1', 1),
('a0000008-0002-4003-8000-000000000001', 'c0000008-0002-4000-8000-000000000001', 'Every year', 'Har yili', '', 'phrase', 'A1', 2),
('a0000008-0002-4003-8000-000000000001', 'c0000008-0002-4000-8000-000000000001', 'Every week', 'Har hafta', '', 'phrase', 'A1', 3),
('a0000008-0002-4003-8000-000000000001', 'c0000008-0002-4000-8000-000000000001', 'Wear', 'Kiymoq', '', 'phrase', 'A1', 4),
('a0000008-0002-4003-8000-000000000001', 'c0000008-0002-4000-8000-000000000001', 'Clothes', 'Kiyim', '', 'phrase', 'A1', 5),
('a0000008-0002-4003-8000-000000000001', 'c0000008-0002-4000-8000-000000000001', 'Get up', 'Uyg''onmoq', '', 'phrase', 'A1', 6),
('a0000008-0002-4003-8000-000000000001', 'c0000008-0002-4000-8000-000000000001', 'Breakfast', 'Nonushta', '', 'phrase', 'A1', 7),
('a0000008-0002-4003-8000-000000000001', 'c0000008-0002-4000-8000-000000000001', 'Lunch', 'Tushlik', '', 'phrase', 'A1', 8),
('a0000008-0002-4003-8000-000000000001', 'c0000008-0002-4000-8000-000000000001', 'Dinner', 'Kechki ovqat', '', 'phrase', 'A1', 9),
('a0000008-0002-4003-8000-000000000001', 'c0000008-0002-4000-8000-000000000001', 'Penguin', 'Pingvin', '', 'phrase', 'A1', 10),
('a0000008-0002-4003-8000-000000000001', 'c0000008-0002-4000-8000-000000000001', 'Beauty', 'Go''zallik; sohibjamol', '', 'phrase', 'A1', 11),
('a0000008-0002-4003-8000-000000000001', 'c0000008-0002-4000-8000-000000000001', 'Beast', 'Yirtqich hayvon', '', 'phrase', 'A1', 12),
('a0000008-0002-4003-8000-000000000001', 'c0000008-0002-4000-8000-000000000001', 'Wall', 'Devor', '', 'phrase', 'A1', 13),
('a0000008-0002-4003-8000-000000000001', 'c0000008-0002-4000-8000-000000000001', 'Rose', 'Atirgul', '', 'phrase', 'A1', 14),
('a0000008-0002-4003-8000-000000000001', 'c0000008-0002-4000-8000-000000000001', 'Glove', 'Qo''lqop', '', 'phrase', 'A1', 15),
('a0000008-0002-4003-8000-000000000001', 'c0000008-0002-4000-8000-000000000001', 'Knife', 'Pichoq', '', 'phrase', 'A1', 16),
('a0000008-0002-4003-8000-000000000001', 'c0000008-0002-4000-8000-000000000001', 'Lemonade', 'Lemonad', '', 'phrase', 'A1', 17),
('a0000008-0002-4003-8000-000000000001', 'c0000008-0002-4000-8000-000000000001', 'Butter', 'Sariyog''', '', 'phrase', 'A1', 18),
('a0000008-0002-4003-8000-000000000001', 'c0000008-0002-4000-8000-000000000001', 'Meat', 'Go''sht', '', 'phrase', 'A1', 19),
('a0000008-0002-4003-8000-000000000001', 'c0000008-0002-4000-8000-000000000001', 'Wood', 'Yog''och', '', 'phrase', 'A1', 20),
('a0000008-0002-4003-8000-000000000001', 'c0000008-0002-4000-8000-000000000001', 'Paper', 'Qog''oz', '', 'phrase', 'A1', 21),
('a0000008-0002-4003-8000-000000000001', 'c0000008-0002-4000-8000-000000000001', 'Visit', 'Tashrif buyurmoq', '', 'phrase', 'A1', 22),
('a0000008-0002-4003-8000-000000000001', 'c0000008-0002-4000-8000-000000000001', 'Call', 'Chaqirmoq', '', 'phrase', 'A1', 23),
('a0000008-0002-4003-8000-000000000001', 'c0000008-0002-4000-8000-000000000001', 'Laugh', 'Kulgu', '', 'phrase', 'A1', 24),
('a0000008-0002-4003-8000-000000000001', 'c0000008-0002-4000-8000-000000000001', 'Towards', 'Ga qarab', '', 'phrase', 'A1', 25),
('a0000008-0002-4003-8000-000000000001', 'c0000008-0002-4000-8000-000000000001', 'Picnic', 'Sayohat (1 kunlik)', '', 'phrase', 'A1', 26),
('a0000008-0002-4003-8000-000000000001', 'c0000008-0002-4000-8000-000000000001', 'Carpet', 'Gilam', '', 'phrase', 'A1', 27),
('a0000008-0002-4003-8000-000000000001', 'c0000008-0002-4000-8000-000000000001', 'Beside', 'Yonida', '', 'phrase', 'A1', 28);

-- Unit 4 (28 words)
INSERT INTO units (id, collection_id, title, unit_number, word_count)
VALUES ('a0000008-0002-4004-8000-000000000001', 'c0000008-0002-4000-8000-000000000001', 'Unit 4', 4, 28);

INSERT INTO words (unit_id, collection_id, word, translation, example_sentence, word_type, difficulty, word_number) VALUES
('a0000008-0002-4004-8000-000000000001', 'c0000008-0002-4000-8000-000000000001', 'Opposite', 'Qarama-qarshi', '', 'phrase', 'A1', 1),
('a0000008-0002-4004-8000-000000000001', 'c0000008-0002-4000-8000-000000000001', 'By', 'Orqali', '', 'phrase', 'A1', 2),
('a0000008-0002-4004-8000-000000000001', 'c0000008-0002-4000-8000-000000000001', 'Above', 'Ustida', '', 'phrase', 'A1', 3),
('a0000008-0002-4004-8000-000000000001', 'c0000008-0002-4000-8000-000000000001', 'Below', 'Pastida', '', 'phrase', 'A1', 4),
('a0000008-0002-4004-8000-000000000001', 'c0000008-0002-4000-8000-000000000001', 'Behind', 'Orqasida', '', 'phrase', 'A1', 5),
('a0000008-0002-4004-8000-000000000001', 'c0000008-0002-4000-8000-000000000001', 'In front of', 'Oldida', '', 'phrase', 'A1', 6),
('a0000008-0002-4004-8000-000000000001', 'c0000008-0002-4000-8000-000000000001', 'Up', 'Tepaga', '', 'phrase', 'A1', 7),
('a0000008-0002-4004-8000-000000000001', 'c0000008-0002-4000-8000-000000000001', 'Through', 'Orqali', '', 'phrase', 'A1', 8),
('a0000008-0002-4004-8000-000000000001', 'c0000008-0002-4000-8000-000000000001', 'Into', 'Ichiga', '', 'phrase', 'A1', 9),
('a0000008-0002-4004-8000-000000000001', 'c0000008-0002-4000-8000-000000000001', 'In', 'Ichida', '', 'phrase', 'A1', 10),
('a0000008-0002-4004-8000-000000000001', 'c0000008-0002-4000-8000-000000000001', 'On', 'Ustida', '', 'phrase', 'A1', 11),
('a0000008-0002-4004-8000-000000000001', 'c0000008-0002-4000-8000-000000000001', 'Near', 'Yaqinida', '', 'phrase', 'A1', 12),
('a0000008-0002-4004-8000-000000000001', 'c0000008-0002-4000-8000-000000000001', 'Out of', 'Dan tashqariga', '', 'phrase', 'A1', 13),
('a0000008-0002-4004-8000-000000000001', 'c0000008-0002-4000-8000-000000000001', 'At', 'Yonida', '', 'phrase', 'A1', 14),
('a0000008-0002-4004-8000-000000000001', 'c0000008-0002-4000-8000-000000000001', 'Swimming pool', 'Bassein', '', 'phrase', 'A1', 15),
('a0000008-0002-4004-8000-000000000001', 'c0000008-0002-4000-8000-000000000001', 'Motorbike', 'Mototsikl', '', 'phrase', 'A1', 16),
('a0000008-0002-4004-8000-000000000001', 'c0000008-0002-4000-8000-000000000001', 'Sick', 'Kasal', '', 'phrase', 'A1', 17),
('a0000008-0002-4004-8000-000000000001', 'c0000008-0002-4000-8000-000000000001', 'Visit', 'Tashrif buyurmoq', '', 'phrase', 'A1', 18),
('a0000008-0002-4004-8000-000000000001', 'c0000008-0002-4000-8000-000000000001', 'Cough', 'Yo''tal', '', 'phrase', 'A1', 19),
('a0000008-0002-4004-8000-000000000001', 'c0000008-0002-4000-8000-000000000001', 'Empty', 'Bo''sh', '', 'phrase', 'A1', 20),
('a0000008-0002-4004-8000-000000000001', 'c0000008-0002-4000-8000-000000000001', 'Poster', 'E''lon', '', 'phrase', 'A1', 21),
('a0000008-0002-4004-8000-000000000001', 'c0000008-0002-4000-8000-000000000001', 'Drawer', 'Tortmali javon', '', 'phrase', 'A1', 22),
('a0000008-0002-4004-8000-000000000001', 'c0000008-0002-4000-8000-000000000001', 'Mess', 'Kir; iflos', '', 'phrase', 'A1', 23),
('a0000008-0002-4004-8000-000000000001', 'c0000008-0002-4000-8000-000000000001', 'Snow', 'Qor', '', 'phrase', 'A1', 24),
('a0000008-0002-4004-8000-000000000001', 'c0000008-0002-4000-8000-000000000001', 'Money', 'Pul', '', 'phrase', 'A1', 25),
('a0000008-0002-4004-8000-000000000001', 'c0000008-0002-4000-8000-000000000001', 'Express', 'Ifodalamoq', '', 'phrase', 'A1', 26),
('a0000008-0002-4004-8000-000000000001', 'c0000008-0002-4000-8000-000000000001', 'Obligation', 'Majburiyat', '', 'phrase', 'A1', 27),
('a0000008-0002-4004-8000-000000000001', 'c0000008-0002-4000-8000-000000000001', 'Necessity', 'Zaruriyat', '', 'phrase', 'A1', 28);

-- Unit 5 (28 words)
INSERT INTO units (id, collection_id, title, unit_number, word_count)
VALUES ('a0000008-0002-4005-8000-000000000001', 'c0000008-0002-4000-8000-000000000001', 'Unit 5', 5, 28);

INSERT INTO words (unit_id, collection_id, word, translation, example_sentence, word_type, difficulty, word_number) VALUES
('a0000008-0002-4005-8000-000000000001', 'c0000008-0002-4000-8000-000000000001', 'Prohibition', 'Taqiqlash', '', 'phrase', 'A1', 1),
('a0000008-0002-4005-8000-000000000001', 'c0000008-0002-4000-8000-000000000001', 'Cold', 'Sovuq', '', 'phrase', 'A1', 2),
('a0000008-0002-4005-8000-000000000001', 'c0000008-0002-4000-8000-000000000001', 'Slowly', 'Sekin', '', 'phrase', 'A1', 3),
('a0000008-0002-4005-8000-000000000001', 'c0000008-0002-4000-8000-000000000001', 'Keep', 'Saqlamoq', '', 'phrase', 'A1', 4),
('a0000008-0002-4005-8000-000000000001', 'c0000008-0002-4000-8000-000000000001', 'Lose', 'Yo''qotmoq', '', 'phrase', 'A1', 5),
('a0000008-0002-4005-8000-000000000001', 'c0000008-0002-4000-8000-000000000001', 'Weight', 'Og''irlik', '', 'phrase', 'A1', 6),
('a0000008-0002-4005-8000-000000000001', 'c0000008-0002-4000-8000-000000000001', 'Problem', 'Muammo', '', 'phrase', 'A1', 7),
('a0000008-0002-4005-8000-000000000001', 'c0000008-0002-4000-8000-000000000001', 'Sweet', 'Shirinlik', '', 'phrase', 'A1', 8),
('a0000008-0002-4005-8000-000000000001', 'c0000008-0002-4000-8000-000000000001', 'Mat', 'Sholcha', '', 'phrase', 'A1', 9),
('a0000008-0002-4005-8000-000000000001', 'c0000008-0002-4000-8000-000000000001', 'Beach', 'Sohil', '', 'phrase', 'A1', 10),
('a0000008-0002-4005-8000-000000000001', 'c0000008-0002-4000-8000-000000000001', 'Borrow', 'Qarz olmoq', '', 'phrase', 'A1', 11),
('a0000008-0002-4005-8000-000000000001', 'c0000008-0002-4000-8000-000000000001', 'Prefer', 'Afzal ko''rmoq', '', 'phrase', 'A1', 12),
('a0000008-0002-4005-8000-000000000001', 'c0000008-0002-4000-8000-000000000001', 'Arrive', 'Yetib kelmoq', '', 'phrase', 'A1', 13),
('a0000008-0002-4005-8000-000000000001', 'c0000008-0002-4000-8000-000000000001', 'Return', 'Qaytib kelmoq', '', 'phrase', 'A1', 14),
('a0000008-0002-4005-8000-000000000001', 'c0000008-0002-4000-8000-000000000001', 'Cartoon', 'Multfilm', '', 'phrase', 'A1', 15),
('a0000008-0002-4005-8000-000000000001', 'c0000008-0002-4000-8000-000000000001', 'Reporter', 'Jurnalist', '', 'phrase', 'A1', 16),
('a0000008-0002-4005-8000-000000000001', 'c0000008-0002-4000-8000-000000000001', 'Hoop', 'Halqa', '', 'phrase', 'A1', 17),
('a0000008-0002-4005-8000-000000000001', 'c0000008-0002-4000-8000-000000000001', 'Between', 'Orasida (2 narsa)', '', 'phrase', 'A1', 18),
('a0000008-0002-4005-8000-000000000001', 'c0000008-0002-4000-8000-000000000001', 'Under', 'Tagida', '', 'phrase', 'A1', 19),
('a0000008-0002-4005-8000-000000000001', 'c0000008-0002-4000-8000-000000000001', 'Over', 'Bo''ylab', '', 'phrase', 'A1', 20),
('a0000008-0002-4005-8000-000000000001', 'c0000008-0002-4000-8000-000000000001', 'Among', 'Orasida', '', 'phrase', 'A1', 21),
('a0000008-0002-4005-8000-000000000001', 'c0000008-0002-4000-8000-000000000001', 'Along', 'Bo''ylab', '', 'phrase', 'A1', 22),
('a0000008-0002-4005-8000-000000000001', 'c0000008-0002-4000-8000-000000000001', 'Across', 'Kesib o''tmoq', '', 'phrase', 'A1', 23),
('a0000008-0002-4005-8000-000000000001', 'c0000008-0002-4000-8000-000000000001', 'Cyclist', 'Velosiped haydovchi', '', 'phrase', 'A1', 24),
('a0000008-0002-4005-8000-000000000001', 'c0000008-0002-4000-8000-000000000001', 'Leave', 'Tark etmoq', '', 'phrase', 'A1', 25),
('a0000008-0002-4005-8000-000000000001', 'c0000008-0002-4000-8000-000000000001', 'Street', 'Ko''cha', '', 'phrase', 'A1', 26),
('a0000008-0002-4005-8000-000000000001', 'c0000008-0002-4000-8000-000000000001', 'Penfriend', 'Sirli do''st', '', 'phrase', 'A1', 27),
('a0000008-0002-4005-8000-000000000001', 'c0000008-0002-4000-8000-000000000001', 'Quickly', 'Tezda', '', 'phrase', 'A1', 28);

-- Unit 6 (28 words)
INSERT INTO units (id, collection_id, title, unit_number, word_count)
VALUES ('a0000008-0002-4006-8000-000000000001', 'c0000008-0002-4000-8000-000000000001', 'Unit 6', 6, 28);

INSERT INTO words (unit_id, collection_id, word, translation, example_sentence, word_type, difficulty, word_number) VALUES
('a0000008-0002-4006-8000-000000000001', 'c0000008-0002-4000-8000-000000000001', 'Record', 'Kaseta', '', 'phrase', 'A1', 1),
('a0000008-0002-4006-8000-000000000001', 'c0000008-0002-4000-8000-000000000001', 'Catch', 'Tutmoq', '', 'phrase', 'A1', 2),
('a0000008-0002-4006-8000-000000000001', 'c0000008-0002-4000-8000-000000000001', 'Blanket', 'Choyshab', '', 'phrase', 'A1', 3),
('a0000008-0002-4006-8000-000000000001', 'c0000008-0002-4000-8000-000000000001', 'Poster', 'E''lon', '', 'phrase', 'A1', 4),
('a0000008-0002-4006-8000-000000000001', 'c0000008-0002-4000-8000-000000000001', 'Magazine', 'Jurnal', '', 'phrase', 'A1', 5),
('a0000008-0002-4006-8000-000000000001', 'c0000008-0002-4000-8000-000000000001', 'Outdoor', 'Tashqarida', '', 'phrase', 'A1', 6),
('a0000008-0002-4006-8000-000000000001', 'c0000008-0002-4000-8000-000000000001', 'Indoor', 'Ichkarida', '', 'phrase', 'A1', 7),
('a0000008-0002-4006-8000-000000000001', 'c0000008-0002-4000-8000-000000000001', 'Touch', 'Tegmoq', '', 'phrase', 'A1', 8),
('a0000008-0002-4006-8000-000000000001', 'c0000008-0002-4000-8000-000000000001', 'Medicine', 'Dori-darmon', '', 'phrase', 'A1', 9),
('a0000008-0002-4006-8000-000000000001', 'c0000008-0002-4000-8000-000000000001', 'Vegetable', 'Sabzavot', '', 'phrase', 'A1', 10),
('a0000008-0002-4006-8000-000000000001', 'c0000008-0002-4000-8000-000000000001', 'Rich', 'Boy', '', 'phrase', 'A1', 11),
('a0000008-0002-4006-8000-000000000001', 'c0000008-0002-4000-8000-000000000001', 'Poor', 'Kambag''al', '', 'phrase', 'A1', 12),
('a0000008-0002-4006-8000-000000000001', 'c0000008-0002-4000-8000-000000000001', 'Fireplace', 'Kamin', '', 'phrase', 'A1', 13),
('a0000008-0002-4006-8000-000000000001', 'c0000008-0002-4000-8000-000000000001', 'Carpet', 'Gilam', '', 'phrase', 'A1', 14),
('a0000008-0002-4006-8000-000000000001', 'c0000008-0002-4000-8000-000000000001', 'Nice', 'Yoqimli', '', 'phrase', 'A1', 15),
('a0000008-0002-4006-8000-000000000001', 'c0000008-0002-4000-8000-000000000001', 'Warm', 'Iliq', '', 'phrase', 'A1', 16),
('a0000008-0002-4006-8000-000000000001', 'c0000008-0002-4000-8000-000000000001', 'New', 'Yangi', '', 'phrase', 'A1', 17),
('a0000008-0002-4006-8000-000000000001', 'c0000008-0002-4000-8000-000000000001', 'Dirty', 'Iflos', '', 'phrase', 'A1', 18),
('a0000008-0002-4006-8000-000000000001', 'c0000008-0002-4000-8000-000000000001', 'Library', 'Kutubxona', '', 'phrase', 'A1', 19),
('a0000008-0002-4006-8000-000000000001', 'c0000008-0002-4000-8000-000000000001', 'Popcorn', 'Popcorn', '', 'phrase', 'A1', 20),
('a0000008-0002-4006-8000-000000000001', 'c0000008-0002-4000-8000-000000000001', 'Instead', 'O''rniga', '', 'phrase', 'A1', 21),
('a0000008-0002-4006-8000-000000000001', 'c0000008-0002-4000-8000-000000000001', 'Break', 'Sindirmoq', '', 'phrase', 'A1', 22),
('a0000008-0002-4006-8000-000000000001', 'c0000008-0002-4000-8000-000000000001', 'Buy', 'Sotib olmoq', '', 'phrase', 'A1', 23),
('a0000008-0002-4006-8000-000000000001', 'c0000008-0002-4000-8000-000000000001', 'Cost', 'Narx', '', 'phrase', 'A1', 24),
('a0000008-0002-4006-8000-000000000001', 'c0000008-0002-4000-8000-000000000001', 'Make', 'Qilmoq', '', 'phrase', 'A1', 25),
('a0000008-0002-4006-8000-000000000001', 'c0000008-0002-4000-8000-000000000001', 'Meet', 'Uchrashmoq', '', 'phrase', 'A1', 26),
('a0000008-0002-4006-8000-000000000001', 'c0000008-0002-4000-8000-000000000001', 'Put', 'Qo''ymoq', '', 'phrase', 'A1', 27),
('a0000008-0002-4006-8000-000000000001', 'c0000008-0002-4000-8000-000000000001', 'Trick', 'Hiyla', '', 'phrase', 'A1', 28);

-- ─── Update collection total_units counts ───
UPDATE collections SET total_units = (SELECT COUNT(*) FROM units WHERE collection_id = 'c0000008-0002-4000-8000-000000000001') WHERE id = 'c0000008-0002-4000-8000-000000000001';

-- ─── Collection: Round Up 3 ────────────────────────────────────────

INSERT INTO collections (id, title, short_title, description, category, difficulty, cover_emoji, cover_color, total_units, is_published)
VALUES ('c0000008-0003-4000-8000-000000000001', 'Round Up 3', 'Round Up 3', 'Vocabulary words from Round Up 3', 'esl', 'A1', '📙', '#EAB308', 19, true);

-- Unit 1 (27 words)
INSERT INTO units (id, collection_id, title, unit_number, word_count)
VALUES ('a0000008-0003-4001-8000-000000000001', 'c0000008-0003-4000-8000-000000000001', 'Unit 1', 1, 27);

INSERT INTO words (unit_id, collection_id, word, translation, example_sentence, word_type, difficulty, word_number) VALUES
('a0000008-0003-4001-8000-000000000001', 'c0000008-0003-4000-8000-000000000001', 'Noun', 'Ot', '', 'phrase', 'A1', 1),
('a0000008-0003-4001-8000-000000000001', 'c0000008-0003-4000-8000-000000000001', 'Countable', 'Sanaladigan', '', 'phrase', 'A1', 2),
('a0000008-0003-4001-8000-000000000001', 'c0000008-0003-4000-8000-000000000001', 'Uncountable', 'Sanalmaydigan', '', 'phrase', 'A1', 3),
('a0000008-0003-4001-8000-000000000001', 'c0000008-0003-4000-8000-000000000001', 'Which', 'Qaysi', '', 'phrase', 'A1', 4),
('a0000008-0003-4001-8000-000000000001', 'c0000008-0003-4000-8000-000000000001', 'Can', 'Qila olmoq', '', 'phrase', 'A1', 5),
('a0000008-0003-4001-8000-000000000001', 'c0000008-0003-4000-8000-000000000001', 'To count', 'Sanamoq', '', 'phrase', 'A1', 6),
('a0000008-0003-4001-8000-000000000001', 'c0000008-0003-4000-8000-000000000001', 'To take', 'Olmoq', '', 'phrase', 'A1', 7),
('a0000008-0003-4001-8000-000000000001', 'c0000008-0003-4000-8000-000000000001', 'Plural', 'Ko''plik', '', 'phrase', 'A1', 8),
('a0000008-0003-4001-8000-000000000001', 'c0000008-0003-4000-8000-000000000001', 'They', 'Ular', '', 'phrase', 'A1', 9),
('a0000008-0003-4001-8000-000000000001', 'c0000008-0003-4000-8000-000000000001', 'Banana', 'Banan', '', 'phrase', 'A1', 10),
('a0000008-0003-4001-8000-000000000001', 'c0000008-0003-4000-8000-000000000001', 'Cat', 'Mushuk', '', 'phrase', 'A1', 11),
('a0000008-0003-4001-8000-000000000001', 'c0000008-0003-4000-8000-000000000001', 'Dog', 'It', '', 'phrase', 'A1', 12),
('a0000008-0003-4001-8000-000000000001', 'c0000008-0003-4000-8000-000000000001', 'Book', 'Kitob', '', 'phrase', 'A1', 13),
('a0000008-0003-4001-8000-000000000001', 'c0000008-0003-4000-8000-000000000001', 'Bat', 'Ko''rshapalak', '', 'phrase', 'A1', 14),
('a0000008-0003-4001-8000-000000000001', 'c0000008-0003-4000-8000-000000000001', 'End', 'Oxiri', '', 'phrase', 'A1', 15),
('a0000008-0003-4001-8000-000000000001', 'c0000008-0003-4000-8000-000000000001', 'Bus', 'Avtobus', '', 'phrase', 'A1', 16),
('a0000008-0003-4001-8000-000000000001', 'c0000008-0003-4000-8000-000000000001', 'Dress', 'Ko''ylak', '', 'phrase', 'A1', 17),
('a0000008-0003-4001-8000-000000000001', 'c0000008-0003-4000-8000-000000000001', 'Hairbrush', 'Taroq', '', 'phrase', 'A1', 18),
('a0000008-0003-4001-8000-000000000001', 'c0000008-0003-4000-8000-000000000001', 'Watch (n)', 'Soat', '', 'phrase', 'A1', 19),
('a0000008-0003-4001-8000-000000000001', 'c0000008-0003-4000-8000-000000000001', 'To watch (v)', 'Tomosha qilmoq', '', 'phrase', 'A1', 20),
('a0000008-0003-4001-8000-000000000001', 'c0000008-0003-4000-8000-000000000001', 'Box', 'Yashik', '', 'phrase', 'A1', 21),
('a0000008-0003-4001-8000-000000000001', 'c0000008-0003-4000-8000-000000000001', 'Tomato', 'Pomidor', '', 'phrase', 'A1', 22),
('a0000008-0003-4001-8000-000000000001', 'c0000008-0003-4000-8000-000000000001', 'To fill', 'To''ldirmoq', '', 'phrase', 'A1', 23),
('a0000008-0003-4001-8000-000000000001', 'c0000008-0003-4000-8000-000000000001', 'As', 'Dek; kabi; chunki', '', 'phrase', 'A1', 24),
('a0000008-0003-4001-8000-000000000001', 'c0000008-0003-4000-8000-000000000001', 'Example', 'Misol uchun', '', 'phrase', 'A1', 25),
('a0000008-0003-4001-8000-000000000001', 'c0000008-0003-4000-8000-000000000001', 'Torch', 'Fonar', '', 'phrase', 'A1', 26),
('a0000008-0003-4001-8000-000000000001', 'c0000008-0003-4000-8000-000000000001', 'Glass', 'Stakan; ko''zoynak', '', 'phrase', 'A1', 27);

-- Unit 2 (27 words)
INSERT INTO units (id, collection_id, title, unit_number, word_count)
VALUES ('a0000008-0003-4002-8000-000000000001', 'c0000008-0003-4000-8000-000000000001', 'Unit 2', 2, 27);

INSERT INTO words (unit_id, collection_id, word, translation, example_sentence, word_type, difficulty, word_number) VALUES
('a0000008-0003-4002-8000-000000000001', 'c0000008-0003-4000-8000-000000000001', 'Fox', 'Tulki', '', 'phrase', 'A1', 1),
('a0000008-0003-4002-8000-000000000001', 'c0000008-0003-4000-8000-000000000001', 'Consonant', 'Undosh', '', 'phrase', 'A1', 2),
('a0000008-0003-4002-8000-000000000001', 'c0000008-0003-4000-8000-000000000001', 'Vowel', 'Unli', '', 'phrase', 'A1', 3),
('a0000008-0003-4002-8000-000000000001', 'c0000008-0003-4000-8000-000000000001', 'Toy', 'O''yinchoq', '', 'phrase', 'A1', 4),
('a0000008-0003-4002-8000-000000000001', 'c0000008-0003-4000-8000-000000000001', 'Baby', 'Chaqaloq', '', 'phrase', 'A1', 5),
('a0000008-0003-4002-8000-000000000001', 'c0000008-0003-4000-8000-000000000001', 'Lady', 'Xonim', '', 'phrase', 'A1', 6),
('a0000008-0003-4002-8000-000000000001', 'c0000008-0003-4000-8000-000000000001', 'Key', 'Kalit', '', 'phrase', 'A1', 7),
('a0000008-0003-4002-8000-000000000001', 'c0000008-0003-4000-8000-000000000001', 'Cherry', 'Chiya', '', 'phrase', 'A1', 8),
('a0000008-0003-4002-8000-000000000001', 'c0000008-0003-4000-8000-000000000001', 'Leaf', 'Barg', '', 'phrase', 'A1', 9),
('a0000008-0003-4002-8000-000000000001', 'c0000008-0003-4000-8000-000000000001', 'Wife', 'Xotin', '', 'phrase', 'A1', 10),
('a0000008-0003-4002-8000-000000000001', 'c0000008-0003-4000-8000-000000000001', 'Husband', 'Er', '', 'phrase', 'A1', 11),
('a0000008-0003-4002-8000-000000000001', 'c0000008-0003-4000-8000-000000000001', 'Roof', 'Tom', '', 'phrase', 'A1', 12),
('a0000008-0003-4002-8000-000000000001', 'c0000008-0003-4000-8000-000000000001', 'Chief', 'Shef; oshpaz', '', 'phrase', 'A1', 13),
('a0000008-0003-4002-8000-000000000001', 'c0000008-0003-4000-8000-000000000001', 'Handkerchief', 'Ro''molcha', '', 'phrase', 'A1', 14),
('a0000008-0003-4002-8000-000000000001', 'c0000008-0003-4000-8000-000000000001', 'Proof', 'Isbot; dalil', '', 'phrase', 'A1', 15),
('a0000008-0003-4002-8000-000000000001', 'c0000008-0003-4000-8000-000000000001', 'Thief', 'O''g''ri', '', 'phrase', 'A1', 16),
('a0000008-0003-4002-8000-000000000001', 'c0000008-0003-4000-8000-000000000001', 'Knife', 'Pichoq', '', 'phrase', 'A1', 17),
('a0000008-0003-4002-8000-000000000001', 'c0000008-0003-4000-8000-000000000001', 'Cliff', 'Qoya', '', 'phrase', 'A1', 18),
('a0000008-0003-4002-8000-000000000001', 'c0000008-0003-4000-8000-000000000001', 'Lollipop', 'Xo''rozqand', '', 'phrase', 'A1', 19),
('a0000008-0003-4002-8000-000000000001', 'c0000008-0003-4000-8000-000000000001', 'Brush', 'Cho''tka', '', 'phrase', 'A1', 20),
('a0000008-0003-4002-8000-000000000001', 'c0000008-0003-4000-8000-000000000001', 'Church', 'Cherkov', '', 'phrase', 'A1', 21),
('a0000008-0003-4002-8000-000000000001', 'c0000008-0003-4000-8000-000000000001', 'Bridge', 'Ko''prik', '', 'phrase', 'A1', 22),
('a0000008-0003-4002-8000-000000000001', 'c0000008-0003-4000-8000-000000000001', 'Rose', 'Atirgul', '', 'phrase', 'A1', 23),
('a0000008-0003-4002-8000-000000000001', 'c0000008-0003-4000-8000-000000000001', 'Mirage', 'Sarob', '', 'phrase', 'A1', 24),
('a0000008-0003-4002-8000-000000000001', 'c0000008-0003-4000-8000-000000000001', 'Song', 'Qo''shiq', '', 'phrase', 'A1', 25),
('a0000008-0003-4002-8000-000000000001', 'c0000008-0003-4000-8000-000000000001', 'Put', 'Qo''ymoq', '', 'phrase', 'A1', 26),
('a0000008-0003-4002-8000-000000000001', 'c0000008-0003-4000-8000-000000000001', 'Correct', 'To''g''ri', '', 'phrase', 'A1', 27);

-- Unit 3 (27 words)
INSERT INTO units (id, collection_id, title, unit_number, word_count)
VALUES ('a0000008-0003-4003-8000-000000000001', 'c0000008-0003-4000-8000-000000000001', 'Unit 3', 3, 27);

INSERT INTO words (unit_id, collection_id, word, translation, example_sentence, word_type, difficulty, word_number) VALUES
('a0000008-0003-4003-8000-000000000001', 'c0000008-0003-4000-8000-000000000001', 'List', 'Ro''yxat', '', 'phrase', 'A1', 1),
('a0000008-0003-4003-8000-000000000001', 'c0000008-0003-4000-8000-000000000001', 'Read', 'O''qimoq', '', 'phrase', 'A1', 2),
('a0000008-0003-4003-8000-000000000001', 'c0000008-0003-4000-8000-000000000001', 'Them', 'Ularni; ularga', '', 'phrase', 'A1', 3),
('a0000008-0003-4003-8000-000000000001', 'c0000008-0003-4000-8000-000000000001', 'Out', 'Dan tashqarida', '', 'phrase', 'A1', 4),
('a0000008-0003-4003-8000-000000000001', 'c0000008-0003-4000-8000-000000000001', 'Class', 'Sinf', '', 'phrase', 'A1', 5),
('a0000008-0003-4003-8000-000000000001', 'c0000008-0003-4000-8000-000000000001', 'Beach', 'Sohil; plyaj', '', 'phrase', 'A1', 6),
('a0000008-0003-4003-8000-000000000001', 'c0000008-0003-4000-8000-000000000001', 'Boy', 'Bola (o''g''il)', '', 'phrase', 'A1', 7),
('a0000008-0003-4003-8000-000000000001', 'c0000008-0003-4000-8000-000000000001', 'Guy', 'Bola (bezori)', '', 'phrase', 'A1', 8),
('a0000008-0003-4003-8000-000000000001', 'c0000008-0003-4000-8000-000000000001', 'Son', 'O''g''il farzand', '', 'phrase', 'A1', 9),
('a0000008-0003-4003-8000-000000000001', 'c0000008-0003-4000-8000-000000000001', 'Desk', 'Parta', '', 'phrase', 'A1', 10),
('a0000008-0003-4003-8000-000000000001', 'c0000008-0003-4000-8000-000000000001', 'Girl', 'Qiz', '', 'phrase', 'A1', 11),
('a0000008-0003-4003-8000-000000000001', 'c0000008-0003-4000-8000-000000000001', 'Potato', 'Kartoshka', '', 'phrase', 'A1', 12),
('a0000008-0003-4003-8000-000000000001', 'c0000008-0003-4000-8000-000000000001', 'Fork', 'Vilka', '', 'phrase', 'A1', 13),
('a0000008-0003-4003-8000-000000000001', 'c0000008-0003-4000-8000-000000000001', 'Shirt', 'Ko''ylak', '', 'phrase', 'A1', 14),
('a0000008-0003-4003-8000-000000000001', 'c0000008-0003-4000-8000-000000000001', 'Nose', 'Burun', '', 'phrase', 'A1', 15),
('a0000008-0003-4003-8000-000000000001', 'c0000008-0003-4000-8000-000000000001', 'Lemon', 'Limon', '', 'phrase', 'A1', 16),
('a0000008-0003-4003-8000-000000000001', 'c0000008-0003-4000-8000-000000000001', 'Peach', 'Shaftoli', '', 'phrase', 'A1', 17),
('a0000008-0003-4003-8000-000000000001', 'c0000008-0003-4000-8000-000000000001', 'Irregular', 'Noto''g''ri', '', 'phrase', 'A1', 18),
('a0000008-0003-4003-8000-000000000001', 'c0000008-0003-4000-8000-000000000001', 'Child', 'Bola', '', 'phrase', 'A1', 19),
('a0000008-0003-4003-8000-000000000001', 'c0000008-0003-4000-8000-000000000001', 'Man', 'Erkak kishi', '', 'phrase', 'A1', 20),
('a0000008-0003-4003-8000-000000000001', 'c0000008-0003-4000-8000-000000000001', 'Woman', 'Ayol', '', 'phrase', 'A1', 21),
('a0000008-0003-4003-8000-000000000001', 'c0000008-0003-4000-8000-000000000001', 'Foot', 'Oyoq', '', 'phrase', 'A1', 22),
('a0000008-0003-4003-8000-000000000001', 'c0000008-0003-4000-8000-000000000001', 'Tooth', 'Tish', '', 'phrase', 'A1', 23),
('a0000008-0003-4003-8000-000000000001', 'c0000008-0003-4000-8000-000000000001', 'Goose', 'G''oz', '', 'phrase', 'A1', 24),
('a0000008-0003-4003-8000-000000000001', 'c0000008-0003-4000-8000-000000000001', 'Fish', 'Baliq', '', 'phrase', 'A1', 25),
('a0000008-0003-4003-8000-000000000001', 'c0000008-0003-4000-8000-000000000001', 'Sheep', 'Qo''y', '', 'phrase', 'A1', 26),
('a0000008-0003-4003-8000-000000000001', 'c0000008-0003-4000-8000-000000000001', 'Deer', 'Bug''u', '', 'phrase', 'A1', 27);

-- Unit 4 (27 words)
INSERT INTO units (id, collection_id, title, unit_number, word_count)
VALUES ('a0000008-0003-4004-8000-000000000001', 'c0000008-0003-4000-8000-000000000001', 'Unit 4', 4, 27);

INSERT INTO words (unit_id, collection_id, word, translation, example_sentence, word_type, difficulty, word_number) VALUES
('a0000008-0003-4004-8000-000000000001', 'c0000008-0003-4000-8000-000000000001', 'Mouse', 'Sichqon', '', 'phrase', 'A1', 1),
('a0000008-0003-4004-8000-000000000001', 'c0000008-0003-4000-8000-000000000001', 'Ox', 'Ho''kiz', '', 'phrase', 'A1', 2),
('a0000008-0003-4004-8000-000000000001', 'c0000008-0003-4000-8000-000000000001', 'Louse', 'Bit', '', 'phrase', 'A1', 3),
('a0000008-0003-4004-8000-000000000001', 'c0000008-0003-4000-8000-000000000001', 'Snail', 'Shilliq qurt', '', 'phrase', 'A1', 4),
('a0000008-0003-4004-8000-000000000001', 'c0000008-0003-4000-8000-000000000001', 'Sandwich', 'Senvich', '', 'phrase', 'A1', 5),
('a0000008-0003-4004-8000-000000000001', 'c0000008-0003-4000-8000-000000000001', 'Butterfly', 'Kapalak', '', 'phrase', 'A1', 6),
('a0000008-0003-4004-8000-000000000001', 'c0000008-0003-4000-8000-000000000001', 'Wolf', 'Bo''ri', '', 'phrase', 'A1', 7),
('a0000008-0003-4004-8000-000000000001', 'c0000008-0003-4000-8000-000000000001', 'Lizard', 'Kaltakesak', '', 'phrase', 'A1', 8),
('a0000008-0003-4004-8000-000000000001', 'c0000008-0003-4000-8000-000000000001', 'Raspberry', 'Malina', '', 'phrase', 'A1', 9),
('a0000008-0003-4004-8000-000000000001', 'c0000008-0003-4000-8000-000000000001', 'Write', 'Yozmoq', '', 'phrase', 'A1', 10),
('a0000008-0003-4004-8000-000000000001', 'c0000008-0003-4000-8000-000000000001', 'Column', 'Ustun; grafa', '', 'phrase', 'A1', 11),
('a0000008-0003-4004-8000-000000000001', 'c0000008-0003-4000-8000-000000000001', 'Bench', 'Skameyka', '', 'phrase', 'A1', 12),
('a0000008-0003-4004-8000-000000000001', 'c0000008-0003-4000-8000-000000000001', 'Day', 'Kun', '', 'phrase', 'A1', 13),
('a0000008-0003-4004-8000-000000000001', 'c0000008-0003-4000-8000-000000000001', 'Fox', 'Tulki', '', 'phrase', 'A1', 14),
('a0000008-0003-4004-8000-000000000001', 'c0000008-0003-4000-8000-000000000001', 'Kiss', 'O''pich', '', 'phrase', 'A1', 15),
('a0000008-0003-4004-8000-000000000001', 'c0000008-0003-4000-8000-000000000001', 'Fly', 'Uchmoq', '', 'phrase', 'A1', 16),
('a0000008-0003-4004-8000-000000000001', 'c0000008-0003-4000-8000-000000000001', 'God', 'Xudo', '', 'phrase', 'A1', 17),
('a0000008-0003-4004-8000-000000000001', 'c0000008-0003-4000-8000-000000000001', 'Housewife', 'Uy bekasi', '', 'phrase', 'A1', 18),
('a0000008-0003-4004-8000-000000000001', 'c0000008-0003-4000-8000-000000000001', 'Loaf', 'Bulka; buxanka', '', 'phrase', 'A1', 19),
('a0000008-0003-4004-8000-000000000001', 'c0000008-0003-4000-8000-000000000001', 'Body', 'Tana', '', 'phrase', 'A1', 20),
('a0000008-0003-4004-8000-000000000001', 'c0000008-0003-4000-8000-000000000001', 'Shelf', 'Tokcha; taxta', '', 'phrase', 'A1', 21),
('a0000008-0003-4004-8000-000000000001', 'c0000008-0003-4000-8000-000000000001', 'School', 'Maktab', '', 'phrase', 'A1', 22),
('a0000008-0003-4004-8000-000000000001', 'c0000008-0003-4000-8000-000000000001', 'Address', 'Manzil', '', 'phrase', 'A1', 23),
('a0000008-0003-4004-8000-000000000001', 'c0000008-0003-4000-8000-000000000001', 'Life', 'Hayot', '', 'phrase', 'A1', 24),
('a0000008-0003-4004-8000-000000000001', 'c0000008-0003-4000-8000-000000000001', 'Country', 'Mamlakat', '', 'phrase', 'A1', 25),
('a0000008-0003-4004-8000-000000000001', 'c0000008-0003-4000-8000-000000000001', 'Strawberry', 'Qulupnay', '', 'phrase', 'A1', 26),
('a0000008-0003-4004-8000-000000000001', 'c0000008-0003-4000-8000-000000000001', 'Half', 'Yarim', '', 'phrase', 'A1', 27);

-- Unit 5 (27 words)
INSERT INTO units (id, collection_id, title, unit_number, word_count)
VALUES ('a0000008-0003-4005-8000-000000000001', 'c0000008-0003-4000-8000-000000000001', 'Unit 5', 5, 27);

INSERT INTO words (unit_id, collection_id, word, translation, example_sentence, word_type, difficulty, word_number) VALUES
('a0000008-0003-4005-8000-000000000001', 'c0000008-0003-4000-8000-000000000001', 'Some', 'Biroz', '', 'phrase', 'A1', 1),
('a0000008-0003-4005-8000-000000000001', 'c0000008-0003-4000-8000-000000000001', 'Have', 'Bor bo''lmoq', '', 'phrase', 'A1', 2),
('a0000008-0003-4005-8000-000000000001', 'c0000008-0003-4000-8000-000000000001', 'Use', 'Foydalanmoq', '', 'phrase', 'A1', 3),
('a0000008-0003-4005-8000-000000000001', 'c0000008-0003-4000-8000-000000000001', 'With', 'Bilan', '', 'phrase', 'A1', 4),
('a0000008-0003-4005-8000-000000000001', 'c0000008-0003-4000-8000-000000000001', 'Include', 'O''z ichiga olmoq', '', 'phrase', 'A1', 5),
('a0000008-0003-4005-8000-000000000001', 'c0000008-0003-4000-8000-000000000001', 'Food', 'Oziq-ovqat', '', 'phrase', 'A1', 6),
('a0000008-0003-4005-8000-000000000001', 'c0000008-0003-4000-8000-000000000001', 'Material', 'Xom ashyo', '', 'phrase', 'A1', 7),
('a0000008-0003-4005-8000-000000000001', 'c0000008-0003-4000-8000-000000000001', 'Abstract', 'Mavhum', '', 'phrase', 'A1', 8),
('a0000008-0003-4005-8000-000000000001', 'c0000008-0003-4000-8000-000000000001', 'Many', 'Ko''p', '', 'phrase', 'A1', 9),
('a0000008-0003-4005-8000-000000000001', 'c0000008-0003-4000-8000-000000000001', 'Other', 'Boshqa', '', 'phrase', 'A1', 10),
('a0000008-0003-4005-8000-000000000001', 'c0000008-0003-4000-8000-000000000001', 'Butter', 'Sariyog''', '', 'phrase', 'A1', 11),
('a0000008-0003-4005-8000-000000000001', 'c0000008-0003-4000-8000-000000000001', 'Bread', 'Non', '', 'phrase', 'A1', 12),
('a0000008-0003-4005-8000-000000000001', 'c0000008-0003-4000-8000-000000000001', 'Meat', 'Go''sht', '', 'phrase', 'A1', 13),
('a0000008-0003-4005-8000-000000000001', 'c0000008-0003-4000-8000-000000000001', 'Cheese', 'Pishloq', '', 'phrase', 'A1', 14),
('a0000008-0003-4005-8000-000000000001', 'c0000008-0003-4000-8000-000000000001', 'Water', 'Suv', '', 'phrase', 'A1', 15),
('a0000008-0003-4005-8000-000000000001', 'c0000008-0003-4000-8000-000000000001', 'Tea', 'Choy', '', 'phrase', 'A1', 16),
('a0000008-0003-4005-8000-000000000001', 'c0000008-0003-4000-8000-000000000001', 'Wine', 'Vino', '', 'phrase', 'A1', 17),
('a0000008-0003-4005-8000-000000000001', 'c0000008-0003-4000-8000-000000000001', 'Beer', 'Piva', '', 'phrase', 'A1', 18),
('a0000008-0003-4005-8000-000000000001', 'c0000008-0003-4000-8000-000000000001', 'Milk', 'Sut', '', 'phrase', 'A1', 19),
('a0000008-0003-4005-8000-000000000001', 'c0000008-0003-4000-8000-000000000001', 'Lemonade', 'Lemonad', '', 'phrase', 'A1', 20),
('a0000008-0003-4005-8000-000000000001', 'c0000008-0003-4000-8000-000000000001', 'Chocolate', 'Shokolad', '', 'phrase', 'A1', 21),
('a0000008-0003-4005-8000-000000000001', 'c0000008-0003-4000-8000-000000000001', 'Salt', 'Tuz', '', 'phrase', 'A1', 22),
('a0000008-0003-4005-8000-000000000001', 'c0000008-0003-4000-8000-000000000001', 'Pepper', 'Qalampir', '', 'phrase', 'A1', 23),
('a0000008-0003-4005-8000-000000000001', 'c0000008-0003-4000-8000-000000000001', 'Paper', 'Qog''oz', '', 'phrase', 'A1', 24),
('a0000008-0003-4005-8000-000000000001', 'c0000008-0003-4000-8000-000000000001', 'Wood', 'Yog''och; o''rmon', '', 'phrase', 'A1', 25),
('a0000008-0003-4005-8000-000000000001', 'c0000008-0003-4000-8000-000000000001', 'Silver', 'Kumush', '', 'phrase', 'A1', 26),
('a0000008-0003-4005-8000-000000000001', 'c0000008-0003-4000-8000-000000000001', 'Gold', 'Oltin', '', 'phrase', 'A1', 27);

-- Unit 6 (27 words)
INSERT INTO units (id, collection_id, title, unit_number, word_count)
VALUES ('a0000008-0003-4006-8000-000000000001', 'c0000008-0003-4000-8000-000000000001', 'Unit 6', 6, 27);

INSERT INTO words (unit_id, collection_id, word, translation, example_sentence, word_type, difficulty, word_number) VALUES
('a0000008-0003-4006-8000-000000000001', 'c0000008-0003-4000-8000-000000000001', 'Iron', 'Temir', '', 'phrase', 'A1', 1),
('a0000008-0003-4006-8000-000000000001', 'c0000008-0003-4000-8000-000000000001', 'Peace', 'Tinch', '', 'phrase', 'A1', 2),
('a0000008-0003-4006-8000-000000000001', 'c0000008-0003-4000-8000-000000000001', 'Anger', 'Jahl', '', 'phrase', 'A1', 3),
('a0000008-0003-4006-8000-000000000001', 'c0000008-0003-4000-8000-000000000001', 'Love', 'Sevgi', '', 'phrase', 'A1', 4),
('a0000008-0003-4006-8000-000000000001', 'c0000008-0003-4000-8000-000000000001', 'Money', 'Pul', '', 'phrase', 'A1', 5),
('a0000008-0003-4006-8000-000000000001', 'c0000008-0003-4000-8000-000000000001', 'Snow', 'Qor', '', 'phrase', 'A1', 6),
('a0000008-0003-4006-8000-000000000001', 'c0000008-0003-4000-8000-000000000001', 'Soap', 'Sovun', '', 'phrase', 'A1', 7),
('a0000008-0003-4006-8000-000000000001', 'c0000008-0003-4000-8000-000000000001', 'Furniture', 'Mebel', '', 'phrase', 'A1', 8),
('a0000008-0003-4006-8000-000000000001', 'c0000008-0003-4000-8000-000000000001', 'Petrol', 'Benzin', '', 'phrase', 'A1', 9),
('a0000008-0003-4006-8000-000000000001', 'c0000008-0003-4000-8000-000000000001', 'Oil', 'Yog''', '', 'phrase', 'A1', 10),
('a0000008-0003-4006-8000-000000000001', 'c0000008-0003-4000-8000-000000000001', 'Information', 'Ma''lumot', '', 'phrase', 'A1', 11),
('a0000008-0003-4006-8000-000000000001', 'c0000008-0003-4000-8000-000000000001', 'New', 'Yangilik', '', 'phrase', 'A1', 12),
('a0000008-0003-4006-8000-000000000001', 'c0000008-0003-4000-8000-000000000001', 'Blank', 'Bo''sh', '', 'phrase', 'A1', 13),
('a0000008-0003-4006-8000-000000000001', 'c0000008-0003-4000-8000-000000000001', 'Camera', 'Kamera', '', 'phrase', 'A1', 14),
('a0000008-0003-4006-8000-000000000001', 'c0000008-0003-4000-8000-000000000001', 'Carrot', 'Sabzi', '', 'phrase', 'A1', 15),
('a0000008-0003-4006-8000-000000000001', 'c0000008-0003-4000-8000-000000000001', 'Ring', 'Uzuk', '', 'phrase', 'A1', 16),
('a0000008-0003-4006-8000-000000000001', 'c0000008-0003-4000-8000-000000000001', 'Rice', 'Guruch', '', 'phrase', 'A1', 17),
('a0000008-0003-4006-8000-000000000001', 'c0000008-0003-4000-8000-000000000001', 'Flower', 'Gul', '', 'phrase', 'A1', 18),
('a0000008-0003-4006-8000-000000000001', 'c0000008-0003-4000-8000-000000000001', 'Melon', 'Qovun', '', 'phrase', 'A1', 19),
('a0000008-0003-4006-8000-000000000001', 'c0000008-0003-4000-8000-000000000001', 'Orange', 'Apelsin', '', 'phrase', 'A1', 20),
('a0000008-0003-4006-8000-000000000001', 'c0000008-0003-4000-8000-000000000001', 'Match', 'Gugurt', '', 'phrase', 'A1', 21),
('a0000008-0003-4006-8000-000000000001', 'c0000008-0003-4000-8000-000000000001', 'T-shirt', 'Futbolka', '', 'phrase', 'A1', 22),
('a0000008-0003-4006-8000-000000000001', 'c0000008-0003-4000-8000-000000000001', 'Grapes', 'Uzum', '', 'phrase', 'A1', 23),
('a0000008-0003-4006-8000-000000000001', 'c0000008-0003-4000-8000-000000000001', 'Sugar', 'Shakar', '', 'phrase', 'A1', 24),
('a0000008-0003-4006-8000-000000000001', 'c0000008-0003-4000-8000-000000000001', 'Bottle', 'Shisha', '', 'phrase', 'A1', 25),
('a0000008-0003-4006-8000-000000000001', 'c0000008-0003-4000-8000-000000000001', 'Can (n)', 'Banka', '', 'phrase', 'A1', 26),
('a0000008-0003-4006-8000-000000000001', 'c0000008-0003-4000-8000-000000000001', 'Coke', 'Cola', '', 'phrase', 'A1', 27);

-- Unit 7 (27 words)
INSERT INTO units (id, collection_id, title, unit_number, word_count)
VALUES ('a0000008-0003-4007-8000-000000000001', 'c0000008-0003-4000-8000-000000000001', 'Unit 7', 7, 27);

INSERT INTO words (unit_id, collection_id, word, translation, example_sentence, word_type, difficulty, word_number) VALUES
('a0000008-0003-4007-8000-000000000001', 'c0000008-0003-4000-8000-000000000001', 'Jam', 'Murabbo', '', 'phrase', 'A1', 1),
('a0000008-0003-4007-8000-000000000001', 'c0000008-0003-4000-8000-000000000001', 'Spoon', 'Qoshiq', '', 'phrase', 'A1', 2),
('a0000008-0003-4007-8000-000000000001', 'c0000008-0003-4000-8000-000000000001', 'Table', 'Stol', '', 'phrase', 'A1', 3),
('a0000008-0003-4007-8000-000000000001', 'c0000008-0003-4000-8000-000000000001', 'Skirt', 'Yubka', '', 'phrase', 'A1', 4),
('a0000008-0003-4007-8000-000000000001', 'c0000008-0003-4000-8000-000000000001', 'Water', 'Suv', '', 'phrase', 'A1', 5),
('a0000008-0003-4007-8000-000000000001', 'c0000008-0003-4000-8000-000000000001', 'Egg', 'Tuxum', '', 'phrase', 'A1', 6),
('a0000008-0003-4007-8000-000000000001', 'c0000008-0003-4000-8000-000000000001', 'Chair', 'Stul', '', 'phrase', 'A1', 7),
('a0000008-0003-4007-8000-000000000001', 'c0000008-0003-4000-8000-000000000001', 'Honey', 'Asal', '', 'phrase', 'A1', 8),
('a0000008-0003-4007-8000-000000000001', 'c0000008-0003-4000-8000-000000000001', 'Pretty', 'Chiroyli', '', 'phrase', 'A1', 9),
('a0000008-0003-4007-8000-000000000001', 'c0000008-0003-4000-8000-000000000001', 'Clever', 'Aqlli', '', 'phrase', 'A1', 10),
('a0000008-0003-4007-8000-000000000001', 'c0000008-0003-4000-8000-000000000001', 'Heavy', 'Og''ir', '', 'phrase', 'A1', 11),
('a0000008-0003-4007-8000-000000000001', 'c0000008-0003-4000-8000-000000000001', 'Suitcase', 'Chemodon', '', 'phrase', 'A1', 12),
('a0000008-0003-4007-8000-000000000001', 'c0000008-0003-4000-8000-000000000001', 'Famous', 'Mashhur', '', 'phrase', 'A1', 13),
('a0000008-0003-4007-8000-000000000001', 'c0000008-0003-4000-8000-000000000001', 'Team', 'Jamoa', '', 'phrase', 'A1', 14),
('a0000008-0003-4007-8000-000000000001', 'c0000008-0003-4000-8000-000000000001', 'Divide', 'Ajratmoq', '', 'phrase', 'A1', 15),
('a0000008-0003-4007-8000-000000000001', 'c0000008-0003-4000-8000-000000000001', 'Say', 'Gapirmoq; aytmoq', '', 'phrase', 'A1', 16),
('a0000008-0003-4007-8000-000000000001', 'c0000008-0003-4000-8000-000000000001', 'Singular', 'Birlik', '', 'phrase', 'A1', 17),
('a0000008-0003-4007-8000-000000000001', 'c0000008-0003-4000-8000-000000000001', 'Turn', 'Burmoq; aylanmoq', '', 'phrase', 'A1', 18),
('a0000008-0003-4007-8000-000000000001', 'c0000008-0003-4000-8000-000000000001', 'Plural', 'Ko''plik', '', 'phrase', 'A1', 19),
('a0000008-0003-4007-8000-000000000001', 'c0000008-0003-4000-8000-000000000001', 'Each', 'Har bir; har qaysi', '', 'phrase', 'A1', 20),
('a0000008-0003-4007-8000-000000000001', 'c0000008-0003-4000-8000-000000000001', 'Word', 'So''z', '', 'phrase', 'A1', 21),
('a0000008-0003-4007-8000-000000000001', 'c0000008-0003-4000-8000-000000000001', 'Answer', 'Javob bermoq', '', 'phrase', 'A1', 22),
('a0000008-0003-4007-8000-000000000001', 'c0000008-0003-4000-8000-000000000001', 'Get', 'Olib kelmoq; ega bo''lmoq', '', 'phrase', 'A1', 23),
('a0000008-0003-4007-8000-000000000001', 'c0000008-0003-4000-8000-000000000001', 'Point', 'Fikr; g''oya; tomon; ma''no', '', 'phrase', 'A1', 24),
('a0000008-0003-4007-8000-000000000001', 'c0000008-0003-4000-8000-000000000001', 'Most', 'Eng ko''p', '', 'phrase', 'A1', 25),
('a0000008-0003-4007-8000-000000000001', 'c0000008-0003-4000-8000-000000000001', 'Win', 'Yutmoq; g''olib bo''lmoq', '', 'phrase', 'A1', 26),
('a0000008-0003-4007-8000-000000000001', 'c0000008-0003-4000-8000-000000000001', 'Winner', 'G''olib', '', 'phrase', 'A1', 27);

-- Unit 8 (27 words)
INSERT INTO units (id, collection_id, title, unit_number, word_count)
VALUES ('a0000008-0003-4008-8000-000000000001', 'c0000008-0003-4000-8000-000000000001', 'Unit 8', 8, 27);

INSERT INTO words (unit_id, collection_id, word, translation, example_sentence, word_type, difficulty, word_number) VALUES
('a0000008-0003-4008-8000-000000000001', 'c0000008-0003-4000-8000-000000000001', 'Fast', 'Tez', '', 'phrase', 'A1', 1),
('a0000008-0003-4008-8000-000000000001', 'c0000008-0003-4000-8000-000000000001', 'Jump', 'Sakramoq', '', 'phrase', 'A1', 2),
('a0000008-0003-4008-8000-000000000001', 'c0000008-0003-4000-8000-000000000001', 'Walk', 'Yurmoq', '', 'phrase', 'A1', 3),
('a0000008-0003-4008-8000-000000000001', 'c0000008-0003-4000-8000-000000000001', 'Run', 'Yugurmoq', '', 'phrase', 'A1', 4),
('a0000008-0003-4008-8000-000000000001', 'c0000008-0003-4000-8000-000000000001', 'This', 'Bu', '', 'phrase', 'A1', 5),
('a0000008-0003-4008-8000-000000000001', 'c0000008-0003-4000-8000-000000000001', 'That', 'Bu', '', 'phrase', 'A1', 6),
('a0000008-0003-4008-8000-000000000001', 'c0000008-0003-4000-8000-000000000001', 'Possessive', 'Qaratqich; egalik', '', 'phrase', 'A1', 7),
('a0000008-0003-4008-8000-000000000001', 'c0000008-0003-4000-8000-000000000001', 'Demonstrative', 'Ko''rsatish olmoshi', '', 'phrase', 'A1', 8),
('a0000008-0003-4008-8000-000000000001', 'c0000008-0003-4000-8000-000000000001', 'Adjective', 'Sifat', '', 'phrase', 'A1', 9),
('a0000008-0003-4008-8000-000000000001', 'c0000008-0003-4000-8000-000000000001', 'Hat', 'Qalpoq', '', 'phrase', 'A1', 10),
('a0000008-0003-4008-8000-000000000001', 'c0000008-0003-4000-8000-000000000001', 'Also', 'Yana; shu bilan birga', '', 'phrase', 'A1', 11),
('a0000008-0003-4008-8000-000000000001', 'c0000008-0003-4000-8000-000000000001', 'Else', 'Boshqa; yana', '', 'phrase', 'A1', 12),
('a0000008-0003-4008-8000-000000000001', 'c0000008-0003-4000-8000-000000000001', 'Bathroom', 'Yuvinish xonasi', '', 'phrase', 'A1', 13),
('a0000008-0003-4008-8000-000000000001', 'c0000008-0003-4000-8000-000000000001', 'Mask', 'Maska', '', 'phrase', 'A1', 14),
('a0000008-0003-4008-8000-000000000001', 'c0000008-0003-4000-8000-000000000001', 'Scarf', 'Sharf', '', 'phrase', 'A1', 15),
('a0000008-0003-4008-8000-000000000001', 'c0000008-0003-4000-8000-000000000001', 'House', 'Uy', '', 'phrase', 'A1', 16),
('a0000008-0003-4008-8000-000000000001', 'c0000008-0003-4000-8000-000000000001', 'Too', 'Juda; ham', '', 'phrase', 'A1', 17),
('a0000008-0003-4008-8000-000000000001', 'c0000008-0003-4000-8000-000000000001', 'Friend', 'Do''st', '', 'phrase', 'A1', 18),
('a0000008-0003-4008-8000-000000000001', 'c0000008-0003-4000-8000-000000000001', 'Prince', 'Shahzoda', '', 'phrase', 'A1', 19),
('a0000008-0003-4008-8000-000000000001', 'c0000008-0003-4000-8000-000000000001', 'Explain', 'Tushuntirmoq', '', 'phrase', 'A1', 20),
('a0000008-0003-4008-8000-000000000001', 'c0000008-0003-4000-8000-000000000001', 'Cousin', 'Jiyan (o''g''il)', '', 'phrase', 'A1', 21),
('a0000008-0003-4008-8000-000000000001', 'c0000008-0003-4000-8000-000000000001', 'Glove', 'Qo''lqop', '', 'phrase', 'A1', 22),
('a0000008-0003-4008-8000-000000000001', 'c0000008-0003-4000-8000-000000000001', 'Sock', 'Paypoq', '', 'phrase', 'A1', 23),
('a0000008-0003-4008-8000-000000000001', 'c0000008-0003-4000-8000-000000000001', 'Apron', 'Fartuk', '', 'phrase', 'A1', 24),
('a0000008-0003-4008-8000-000000000001', 'c0000008-0003-4000-8000-000000000001', 'Pigeon', 'Kabutar', '', 'phrase', 'A1', 25),
('a0000008-0003-4008-8000-000000000001', 'c0000008-0003-4000-8000-000000000001', 'Bee', 'Ari', '', 'phrase', 'A1', 26),
('a0000008-0003-4008-8000-000000000001', 'c0000008-0003-4000-8000-000000000001', 'Swan', 'Oq qush', '', 'phrase', 'A1', 27);

-- Unit 9 (27 words)
INSERT INTO units (id, collection_id, title, unit_number, word_count)
VALUES ('a0000008-0003-4009-8000-000000000001', 'c0000008-0003-4000-8000-000000000001', 'Unit 9', 9, 27);

INSERT INTO words (unit_id, collection_id, word, translation, example_sentence, word_type, difficulty, word_number) VALUES
('a0000008-0003-4009-8000-000000000001', 'c0000008-0003-4000-8000-000000000001', 'Caterpillar', 'Kapalak qurt', '', 'phrase', 'A1', 1),
('a0000008-0003-4009-8000-000000000001', 'c0000008-0003-4000-8000-000000000001', 'Cockroach', 'Suvarak', '', 'phrase', 'A1', 2),
('a0000008-0003-4009-8000-000000000001', 'c0000008-0003-4000-8000-000000000001', 'Ladybird', 'Xon qizi', '', 'phrase', 'A1', 3),
('a0000008-0003-4009-8000-000000000001', 'c0000008-0003-4000-8000-000000000001', 'Judge', 'Sud', '', 'phrase', 'A1', 4),
('a0000008-0003-4009-8000-000000000001', 'c0000008-0003-4000-8000-000000000001', 'Detective', 'Izquvar', '', 'phrase', 'A1', 5),
('a0000008-0003-4009-8000-000000000001', 'c0000008-0003-4000-8000-000000000001', 'Artist', 'Rassom', '', 'phrase', 'A1', 6),
('a0000008-0003-4009-8000-000000000001', 'c0000008-0003-4000-8000-000000000001', 'Astronaut', 'Kosmonavt', '', 'phrase', 'A1', 7),
('a0000008-0003-4009-8000-000000000001', 'c0000008-0003-4000-8000-000000000001', 'Umbrella', 'Soyabon', '', 'phrase', 'A1', 8),
('a0000008-0003-4009-8000-000000000001', 'c0000008-0003-4000-8000-000000000001', 'Silent', 'Jim', '', 'phrase', 'A1', 9),
('a0000008-0003-4009-8000-000000000001', 'c0000008-0003-4000-8000-000000000001', 'Sound', 'Ovoz', '', 'phrase', 'A1', 10),
('a0000008-0003-4009-8000-000000000001', 'c0000008-0003-4000-8000-000000000001', 'Guitar', 'Gitara', '', 'phrase', 'A1', 11),
('a0000008-0003-4009-8000-000000000001', 'c0000008-0003-4000-8000-000000000001', 'Accordion', 'Akkordion', '', 'phrase', 'A1', 12),
('a0000008-0003-4009-8000-000000000001', 'c0000008-0003-4000-8000-000000000001', 'Violin', 'Skripka', '', 'phrase', 'A1', 13),
('a0000008-0003-4009-8000-000000000001', 'c0000008-0003-4000-8000-000000000001', 'Organ', 'Organ', '', 'phrase', 'A1', 14),
('a0000008-0003-4009-8000-000000000001', 'c0000008-0003-4000-8000-000000000001', 'Piano', 'Pianino', '', 'phrase', 'A1', 15),
('a0000008-0003-4009-8000-000000000001', 'c0000008-0003-4000-8000-000000000001', 'Drum', 'Do''mbira', '', 'phrase', 'A1', 16),
('a0000008-0003-4009-8000-000000000001', 'c0000008-0003-4000-8000-000000000001', 'Harp', 'Arfa', '', 'phrase', 'A1', 17),
('a0000008-0003-4009-8000-000000000001', 'c0000008-0003-4000-8000-000000000001', 'Tambourine', 'Childirma', '', 'phrase', 'A1', 18),
('a0000008-0003-4009-8000-000000000001', 'c0000008-0003-4000-8000-000000000001', 'First', 'Birinchi', '', 'phrase', 'A1', 19),
('a0000008-0003-4009-8000-000000000001', 'c0000008-0003-4000-8000-000000000001', 'Oral', 'Og''zaki', '', 'phrase', 'A1', 20),
('a0000008-0003-4009-8000-000000000001', 'c0000008-0003-4000-8000-000000000001', 'Activity', 'Faollik', '', 'phrase', 'A1', 21),
('a0000008-0003-4009-8000-000000000001', 'c0000008-0003-4000-8000-000000000001', 'Game', 'O''yin', '', 'phrase', 'A1', 22),
('a0000008-0003-4009-8000-000000000001', 'c0000008-0003-4000-8000-000000000001', 'Sure', 'Ishonmoq', '', 'phrase', 'A1', 23),
('a0000008-0003-4009-8000-000000000001', 'c0000008-0003-4000-8000-000000000001', 'Memory', 'Xotira', '', 'phrase', 'A1', 24),
('a0000008-0003-4009-8000-000000000001', 'c0000008-0003-4000-8000-000000000001', 'Know', 'Bilmoq', '', 'phrase', 'A1', 25),
('a0000008-0003-4009-8000-000000000001', 'c0000008-0003-4000-8000-000000000001', 'Then', 'Keyin', '', 'phrase', 'A1', 26),
('a0000008-0003-4009-8000-000000000001', 'c0000008-0003-4000-8000-000000000001', 'For', 'Uchun', '', 'phrase', 'A1', 27);

-- Unit 10 (27 words)
INSERT INTO units (id, collection_id, title, unit_number, word_count)
VALUES ('a0000008-0003-4010-8000-000000000001', 'c0000008-0003-4000-8000-000000000001', 'Unit 10', 10, 27);

INSERT INTO words (unit_id, collection_id, word, translation, example_sentence, word_type, difficulty, word_number) VALUES
('a0000008-0003-4010-8000-000000000001', 'c0000008-0003-4000-8000-000000000001', 'Finally', 'So''nggi', '', 'phrase', 'A1', 1),
('a0000008-0003-4010-8000-000000000001', 'c0000008-0003-4000-8000-000000000001', 'Definite', 'Aniq; ma''lum; tiniq', '', 'phrase', 'A1', 2),
('a0000008-0003-4010-8000-000000000001', 'c0000008-0003-4000-8000-000000000001', 'Lobster', 'Omar', '', 'phrase', 'A1', 3),
('a0000008-0003-4010-8000-000000000001', 'c0000008-0003-4000-8000-000000000001', 'Prawn', 'Mayda qisqichbaqa', '', 'phrase', 'A1', 4),
('a0000008-0003-4010-8000-000000000001', 'c0000008-0003-4000-8000-000000000001', 'Octopus', 'Sakkiz oyoq', '', 'phrase', 'A1', 5),
('a0000008-0003-4010-8000-000000000001', 'c0000008-0003-4000-8000-000000000001', 'Oyster', 'Chig''anoq', '', 'phrase', 'A1', 6),
('a0000008-0003-4010-8000-000000000001', 'c0000008-0003-4000-8000-000000000001', 'According to', 'Ga ko''ra', '', 'phrase', 'A1', 7),
('a0000008-0003-4010-8000-000000000001', 'c0000008-0003-4000-8000-000000000001', 'Specific', 'Aniq; aniq shakllantirilgan', '', 'phrase', 'A1', 8),
('a0000008-0003-4010-8000-000000000001', 'c0000008-0003-4000-8000-000000000001', 'General', 'Ommaviy', '', 'phrase', 'A1', 9),
('a0000008-0003-4010-8000-000000000001', 'c0000008-0003-4000-8000-000000000001', 'Pet', 'Uy hayvoni', '', 'phrase', 'A1', 10),
('a0000008-0003-4010-8000-000000000001', 'c0000008-0003-4000-8000-000000000001', 'Instead of', 'Ning o''rniga', '', 'phrase', 'A1', 11),
('a0000008-0003-4010-8000-000000000001', 'c0000008-0003-4000-8000-000000000001', 'Want', 'Xohlamoq', '', 'phrase', 'A1', 12),
('a0000008-0003-4010-8000-000000000001', 'c0000008-0003-4000-8000-000000000001', 'Like', 'Yoqtirmoq', '', 'phrase', 'A1', 13),
('a0000008-0003-4010-8000-000000000001', 'c0000008-0003-4000-8000-000000000001', 'Hate', 'Nafratlanmoq', '', 'phrase', 'A1', 14),
('a0000008-0003-4010-8000-000000000001', 'c0000008-0003-4000-8000-000000000001', 'Talk', 'Aytmoq', '', 'phrase', 'A1', 15),
('a0000008-0003-4010-8000-000000000001', 'c0000008-0003-4000-8000-000000000001', 'About', 'Haqida', '', 'phrase', 'A1', 16),
('a0000008-0003-4010-8000-000000000001', 'c0000008-0003-4000-8000-000000000001', 'Something', 'Biror narsa; nimadir', '', 'phrase', 'A1', 17),
('a0000008-0003-4010-8000-000000000001', 'c0000008-0003-4000-8000-000000000001', 'Irregular', 'Noto''g''ri', '', 'phrase', 'A1', 18),
('a0000008-0003-4010-8000-000000000001', 'c0000008-0003-4000-8000-000000000001', 'Either', 'Ikkisidan biri', '', 'phrase', 'A1', 19),
('a0000008-0003-4010-8000-000000000001', 'c0000008-0003-4000-8000-000000000001', 'Already', 'Allaqachon', '', 'phrase', 'A1', 20),
('a0000008-0003-4010-8000-000000000001', 'c0000008-0003-4000-8000-000000000001', 'Mention', 'Eslatib o''tmoq', '', 'phrase', 'A1', 21),
('a0000008-0003-4010-8000-000000000001', 'c0000008-0003-4000-8000-000000000001', 'Second', 'Ikkinchi', '', 'phrase', 'A1', 22),
('a0000008-0003-4010-8000-000000000001', 'c0000008-0003-4000-8000-000000000001', 'Third', 'Uchinchi', '', 'phrase', 'A1', 23),
('a0000008-0003-4010-8000-000000000001', 'c0000008-0003-4000-8000-000000000001', 'Any', 'Istagan; qandaydir', '', 'phrase', 'A1', 24),
('a0000008-0003-4010-8000-000000000001', 'c0000008-0003-4000-8000-000000000001', 'Front of', 'Oldida; qarshisida', '', 'phrase', 'A1', 25),
('a0000008-0003-4010-8000-000000000001', 'c0000008-0003-4000-8000-000000000001', 'Sun', 'Quyosh', '', 'phrase', 'A1', 26),
('a0000008-0003-4010-8000-000000000001', 'c0000008-0003-4000-8000-000000000001', 'Moon', 'Oy', '', 'phrase', 'A1', 27);

-- Unit 11 (27 words)
INSERT INTO units (id, collection_id, title, unit_number, word_count)
VALUES ('a0000008-0003-4011-8000-000000000001', 'c0000008-0003-4000-8000-000000000001', 'Unit 11', 11, 27);

INSERT INTO words (unit_id, collection_id, word, translation, example_sentence, word_type, difficulty, word_number) VALUES
('a0000008-0003-4011-8000-000000000001', 'c0000008-0003-4000-8000-000000000001', 'Shine', 'Charaqlamoq', '', 'phrase', 'A1', 1),
('a0000008-0003-4011-8000-000000000001', 'c0000008-0003-4000-8000-000000000001', 'Proper', 'Shaxsiy; atoqli', '', 'phrase', 'A1', 2),
('a0000008-0003-4011-8000-000000000001', 'c0000008-0003-4000-8000-000000000001', 'Family', 'Oila', '', 'phrase', 'A1', 3),
('a0000008-0003-4011-8000-000000000001', 'c0000008-0003-4000-8000-000000000001', 'Onion', 'Piyoz', '', 'phrase', 'A1', 4),
('a0000008-0003-4011-8000-000000000001', 'c0000008-0003-4000-8000-000000000001', 'Hour', 'Soat', '', 'phrase', 'A1', 5),
('a0000008-0003-4011-8000-000000000001', 'c0000008-0003-4000-8000-000000000001', 'Cup', 'Chashka', '', 'phrase', 'A1', 6),
('a0000008-0003-4011-8000-000000000001', 'c0000008-0003-4000-8000-000000000001', 'Union', 'Ittifoq; birlik', '', 'phrase', 'A1', 7),
('a0000008-0003-4011-8000-000000000001', 'c0000008-0003-4000-8000-000000000001', 'Plate', 'Tarelka', '', 'phrase', 'A1', 8),
('a0000008-0003-4011-8000-000000000001', 'c0000008-0003-4000-8000-000000000001', 'Uncle', 'Amaki; tog''a', '', 'phrase', 'A1', 9),
('a0000008-0003-4011-8000-000000000001', 'c0000008-0003-4000-8000-000000000001', 'Blouse', 'Bluza', '', 'phrase', 'A1', 10),
('a0000008-0003-4011-8000-000000000001', 'c0000008-0003-4000-8000-000000000001', 'Coat', 'Palto', '', 'phrase', 'A1', 11),
('a0000008-0003-4011-8000-000000000001', 'c0000008-0003-4000-8000-000000000001', 'A pair of', 'Bir juft', '', 'phrase', 'A1', 12),
('a0000008-0003-4011-8000-000000000001', 'c0000008-0003-4000-8000-000000000001', 'Mine', 'Meniki', '', 'phrase', 'A1', 13),
('a0000008-0003-4011-8000-000000000001', 'c0000008-0003-4000-8000-000000000001', 'Stamp', 'Muhr; tamg''a', '', 'phrase', 'A1', 14),
('a0000008-0003-4011-8000-000000000001', 'c0000008-0003-4000-8000-000000000001', 'Envelope', 'Konvert', '', 'phrase', 'A1', 15),
('a0000008-0003-4011-8000-000000000001', 'c0000008-0003-4000-8000-000000000001', 'Shoe', 'Tufli', '', 'phrase', 'A1', 16),
('a0000008-0003-4011-8000-000000000001', 'c0000008-0003-4000-8000-000000000001', 'Brown', 'Jigarrang', '', 'phrase', 'A1', 17),
('a0000008-0003-4011-8000-000000000001', 'c0000008-0003-4000-8000-000000000001', 'Dangerous', 'Xavfli', '', 'phrase', 'A1', 18),
('a0000008-0003-4011-8000-000000000001', 'c0000008-0003-4000-8000-000000000001', 'Expensive', 'Qimmat', '', 'phrase', 'A1', 19),
('a0000008-0003-4011-8000-000000000001', 'c0000008-0003-4000-8000-000000000001', 'Secretary', 'Kotib', '', 'phrase', 'A1', 20),
('a0000008-0003-4011-8000-000000000001', 'c0000008-0003-4000-8000-000000000001', 'Busy', 'Band', '', 'phrase', 'A1', 21),
('a0000008-0003-4011-8000-000000000001', 'c0000008-0003-4000-8000-000000000001', 'Try', 'Harakat qilmoq', '', 'phrase', 'A1', 22),
('a0000008-0003-4011-8000-000000000001', 'c0000008-0003-4000-8000-000000000001', 'Today', 'Bugun', '', 'phrase', 'A1', 23),
('a0000008-0003-4011-8000-000000000001', 'c0000008-0003-4000-8000-000000000001', 'Future', 'Kelajakda', '', 'phrase', 'A1', 24),
('a0000008-0003-4011-8000-000000000001', 'c0000008-0003-4000-8000-000000000001', 'Yesterday', 'Kecha', '', 'phrase', 'A1', 25),
('a0000008-0003-4011-8000-000000000001', 'c0000008-0003-4000-8000-000000000001', 'Swing', 'Tebratmoq', '', 'phrase', 'A1', 26),
('a0000008-0003-4011-8000-000000000001', 'c0000008-0003-4000-8000-000000000001', 'Angry', 'Hafa', '', 'phrase', 'A1', 27);

-- Unit 12 (27 words)
INSERT INTO units (id, collection_id, title, unit_number, word_count)
VALUES ('a0000008-0003-4012-8000-000000000001', 'c0000008-0003-4000-8000-000000000001', 'Unit 12', 12, 27);

INSERT INTO words (unit_id, collection_id, word, translation, example_sentence, word_type, difficulty, word_number) VALUES
('a0000008-0003-4012-8000-000000000001', 'c0000008-0003-4000-8000-000000000001', 'Bicycle', 'Velosiped', '', 'phrase', 'A1', 1),
('a0000008-0003-4012-8000-000000000001', 'c0000008-0003-4000-8000-000000000001', 'Bottom of', 'Pasti; tagi', '', 'phrase', 'A1', 2),
('a0000008-0003-4012-8000-000000000001', 'c0000008-0003-4000-8000-000000000001', 'Branch', 'Shox; soha', '', 'phrase', 'A1', 3),
('a0000008-0003-4012-8000-000000000001', 'c0000008-0003-4000-8000-000000000001', 'Seat', 'O''rindiq', '', 'phrase', 'A1', 4),
('a0000008-0003-4012-8000-000000000001', 'c0000008-0003-4000-8000-000000000001', 'All', 'Hamma', '', 'phrase', 'A1', 5),
('a0000008-0003-4012-8000-000000000001', 'c0000008-0003-4000-8000-000000000001', 'Non', 'Hech', '', 'phrase', 'A1', 6),
('a0000008-0003-4012-8000-000000000001', 'c0000008-0003-4000-8000-000000000001', 'Fridge', 'Muzlatgich', '', 'phrase', 'A1', 7),
('a0000008-0003-4012-8000-000000000001', 'c0000008-0003-4000-8000-000000000001', 'Electric', 'Elektr', '', 'phrase', 'A1', 8),
('a0000008-0003-4012-8000-000000000001', 'c0000008-0003-4000-8000-000000000001', 'Parents', 'Ota-ona', '', 'phrase', 'A1', 9),
('a0000008-0003-4012-8000-000000000001', 'c0000008-0003-4000-8000-000000000001', 'Fireman', 'O''t o''chiruvchi', '', 'phrase', 'A1', 10),
('a0000008-0003-4012-8000-000000000001', 'c0000008-0003-4000-8000-000000000001', 'Drive', 'Haydamoq', '', 'phrase', 'A1', 11),
('a0000008-0003-4012-8000-000000000001', 'c0000008-0003-4000-8000-000000000001', 'Green', 'Yashil', '', 'phrase', 'A1', 12),
('a0000008-0003-4012-8000-000000000001', 'c0000008-0003-4000-8000-000000000001', 'Dance', 'Raqs ga tushmoq', '', 'phrase', 'A1', 13),
('a0000008-0003-4012-8000-000000000001', 'c0000008-0003-4000-8000-000000000001', 'Must', 'Shart', '', 'phrase', 'A1', 14),
('a0000008-0003-4012-8000-000000000001', 'c0000008-0003-4000-8000-000000000001', 'May', 'Mumkin', '', 'phrase', 'A1', 15),
('a0000008-0003-4012-8000-000000000001', 'c0000008-0003-4000-8000-000000000001', 'Need', 'Muhtoj; kerak', '', 'phrase', 'A1', 16),
('a0000008-0003-4012-8000-000000000001', 'c0000008-0003-4000-8000-000000000001', 'Outside', 'Tashqarida', '', 'phrase', 'A1', 17),
('a0000008-0003-4012-8000-000000000001', 'c0000008-0003-4000-8000-000000000001', 'Inside', 'Ichkarida', '', 'phrase', 'A1', 18),
('a0000008-0003-4012-8000-000000000001', 'c0000008-0003-4000-8000-000000000001', 'Marry', 'Turmush qurmoq', '', 'phrase', 'A1', 19),
('a0000008-0003-4012-8000-000000000001', 'c0000008-0003-4000-8000-000000000001', 'Nice', 'Chiroyli; yoqimli', '', 'phrase', 'A1', 20),
('a0000008-0003-4012-8000-000000000001', 'c0000008-0003-4000-8000-000000000001', 'A lot of', 'Ko''p', '', 'phrase', 'A1', 21),
('a0000008-0003-4012-8000-000000000001', 'c0000008-0003-4000-8000-000000000001', 'Usually', 'Odatda', '', 'phrase', 'A1', 22),
('a0000008-0003-4012-8000-000000000001', 'c0000008-0003-4000-8000-000000000001', 'Smoke', 'Chekmoq', '', 'phrase', 'A1', 23),
('a0000008-0003-4012-8000-000000000001', 'c0000008-0003-4000-8000-000000000001', 'Pipe', 'Quvur; truba', '', 'phrase', 'A1', 24),
('a0000008-0003-4012-8000-000000000001', 'c0000008-0003-4000-8000-000000000001', 'Ash', 'Kul', '', 'phrase', 'A1', 25),
('a0000008-0003-4012-8000-000000000001', 'c0000008-0003-4000-8000-000000000001', 'Pull', 'Tortmoq', '', 'phrase', 'A1', 26),
('a0000008-0003-4012-8000-000000000001', 'c0000008-0003-4000-8000-000000000001', 'Bad', 'Yomon', '', 'phrase', 'A1', 27);

-- Unit 13 (27 words)
INSERT INTO units (id, collection_id, title, unit_number, word_count)
VALUES ('a0000008-0003-4013-8000-000000000001', 'c0000008-0003-4000-8000-000000000001', 'Unit 13', 13, 27);

INSERT INTO words (unit_id, collection_id, word, translation, example_sentence, word_type, difficulty, word_number) VALUES
('a0000008-0003-4013-8000-000000000001', 'c0000008-0003-4000-8000-000000000001', 'Record', 'Hisobot; audio disk', '', 'phrase', 'A1', 1),
('a0000008-0003-4013-8000-000000000001', 'c0000008-0003-4000-8000-000000000001', 'Mushroom', 'Qo''ziqorin', '', 'phrase', 'A1', 2),
('a0000008-0003-4013-8000-000000000001', 'c0000008-0003-4000-8000-000000000001', 'Radish', 'Rediska', '', 'phrase', 'A1', 3),
('a0000008-0003-4013-8000-000000000001', 'c0000008-0003-4000-8000-000000000001', 'Blueberry', 'Smorodina', '', 'phrase', 'A1', 4),
('a0000008-0003-4013-8000-000000000001', 'c0000008-0003-4000-8000-000000000001', 'Sausages', 'Sosiska', '', 'phrase', 'A1', 5),
('a0000008-0003-4013-8000-000000000001', 'c0000008-0003-4000-8000-000000000001', 'Street', 'Ko''cha', '', 'phrase', 'A1', 6),
('a0000008-0003-4013-8000-000000000001', 'c0000008-0003-4000-8000-000000000001', 'Bag', 'Sumka', '', 'phrase', 'A1', 7),
('a0000008-0003-4013-8000-000000000001', 'c0000008-0003-4000-8000-000000000001', 'Cupboard', 'Javon', '', 'phrase', 'A1', 8),
('a0000008-0003-4013-8000-000000000001', 'c0000008-0003-4000-8000-000000000001', 'Time', 'Vaqt', '', 'phrase', 'A1', 9),
('a0000008-0003-4013-8000-000000000001', 'c0000008-0003-4000-8000-000000000001', 'Pear', 'Nok', '', 'phrase', 'A1', 10),
('a0000008-0003-4013-8000-000000000001', 'c0000008-0003-4000-8000-000000000001', 'Coin', 'Tanga', '', 'phrase', 'A1', 11),
('a0000008-0003-4013-8000-000000000001', 'c0000008-0003-4000-8000-000000000001', 'Biscuit', 'Quruq pechenye', '', 'phrase', 'A1', 12),
('a0000008-0003-4013-8000-000000000001', 'c0000008-0003-4000-8000-000000000001', 'Packing', 'Joylash; o''rash', '', 'phrase', 'A1', 13),
('a0000008-0003-4013-8000-000000000001', 'c0000008-0003-4000-8000-000000000001', 'Blouse', 'Bluzka; kofta', '', 'phrase', 'A1', 14),
('a0000008-0003-4013-8000-000000000001', 'c0000008-0003-4000-8000-000000000001', 'Boot', 'Botinka', '', 'phrase', 'A1', 15),
('a0000008-0003-4013-8000-000000000001', 'c0000008-0003-4000-8000-000000000001', 'Warm', 'Iliq', '', 'phrase', 'A1', 16),
('a0000008-0003-4013-8000-000000000001', 'c0000008-0003-4000-8000-000000000001', 'Cold', 'Sovuq', '', 'phrase', 'A1', 17),
('a0000008-0003-4013-8000-000000000001', 'c0000008-0003-4000-8000-000000000001', 'Jeans', 'Jensi', '', 'phrase', 'A1', 18),
('a0000008-0003-4013-8000-000000000001', 'c0000008-0003-4000-8000-000000000001', 'Loaf', 'Buxanka', '', 'phrase', 'A1', 19),
('a0000008-0003-4013-8000-000000000001', 'c0000008-0003-4000-8000-000000000001', 'Buy', 'Sotib olmoq', '', 'phrase', 'A1', 20),
('a0000008-0003-4013-8000-000000000001', 'c0000008-0003-4000-8000-000000000001', 'Sweet', 'Shirin; shirinlik', '', 'phrase', 'A1', 21),
('a0000008-0003-4013-8000-000000000001', 'c0000008-0003-4000-8000-000000000001', 'Holiday', 'Ta''til', '', 'phrase', 'A1', 22),
('a0000008-0003-4013-8000-000000000001', 'c0000008-0003-4000-8000-000000000001', 'Hot', 'Issiq', '', 'phrase', 'A1', 23),
('a0000008-0003-4013-8000-000000000001', 'c0000008-0003-4000-8000-000000000001', 'But', 'Lekin', '', 'phrase', 'A1', 24),
('a0000008-0003-4013-8000-000000000001', 'c0000008-0003-4000-8000-000000000001', 'Better', 'Yaxshiroq', '', 'phrase', 'A1', 25),
('a0000008-0003-4013-8000-000000000001', 'c0000008-0003-4000-8000-000000000001', 'Because', 'Chunki', '', 'phrase', 'A1', 26),
('a0000008-0003-4013-8000-000000000001', 'c0000008-0003-4000-8000-000000000001', 'Since', 'Dan beri; chunki', '', 'phrase', 'A1', 27);

-- Unit 14 (27 words)
INSERT INTO units (id, collection_id, title, unit_number, word_count)
VALUES ('a0000008-0003-4014-8000-000000000001', 'c0000008-0003-4000-8000-000000000001', 'Unit 14', 14, 27);

INSERT INTO words (unit_id, collection_id, word, translation, example_sentence, word_type, difficulty, word_number) VALUES
('a0000008-0003-4014-8000-000000000001', 'c0000008-0003-4000-8000-000000000001', 'Clock', 'Devor soat', '', 'phrase', 'A1', 1),
('a0000008-0003-4014-8000-000000000001', 'c0000008-0003-4000-8000-000000000001', 'Empty', 'Bo''sh', '', 'phrase', 'A1', 2),
('a0000008-0003-4014-8000-000000000001', 'c0000008-0003-4000-8000-000000000001', 'Basket', 'Savat', '', 'phrase', 'A1', 3),
('a0000008-0003-4014-8000-000000000001', 'c0000008-0003-4000-8000-000000000001', 'Floor', 'Pol', '', 'phrase', 'A1', 4),
('a0000008-0003-4014-8000-000000000001', 'c0000008-0003-4000-8000-000000000001', 'Sometimes', 'Ba''zan', '', 'phrase', 'A1', 5),
('a0000008-0003-4014-8000-000000000001', 'c0000008-0003-4000-8000-000000000001', 'Slow', 'Sekin; sust', '', 'phrase', 'A1', 6),
('a0000008-0003-4014-8000-000000000001', 'c0000008-0003-4000-8000-000000000001', 'Permanent', 'Doimiy; o''zgarmas', '', 'phrase', 'A1', 7),
('a0000008-0003-4014-8000-000000000001', 'c0000008-0003-4000-8000-000000000001', 'State', 'Ahvol; mamlakat', '', 'phrase', 'A1', 8),
('a0000008-0003-4014-8000-000000000001', 'c0000008-0003-4000-8000-000000000001', 'Habitual', 'Odat bo''lib qolgan', '', 'phrase', 'A1', 9),
('a0000008-0003-4014-8000-000000000001', 'c0000008-0003-4000-8000-000000000001', 'Action', 'Harakat; voqea', '', 'phrase', 'A1', 10),
('a0000008-0003-4014-8000-000000000001', 'c0000008-0003-4000-8000-000000000001', 'In the afternoon', 'Tushlikda', '', 'phrase', 'A1', 11),
('a0000008-0003-4014-8000-000000000001', 'c0000008-0003-4000-8000-000000000001', 'Often', 'Tez-tez', '', 'phrase', 'A1', 12),
('a0000008-0003-4014-8000-000000000001', 'c0000008-0003-4000-8000-000000000001', 'Never', 'Hech qachon', '', 'phrase', 'A1', 13),
('a0000008-0003-4014-8000-000000000001', 'c0000008-0003-4000-8000-000000000001', 'Always', 'Har doim', '', 'phrase', 'A1', 14),
('a0000008-0003-4014-8000-000000000001', 'c0000008-0003-4000-8000-000000000001', 'Rarely', 'Kamdan-kam', '', 'phrase', 'A1', 15),
('a0000008-0003-4014-8000-000000000001', 'c0000008-0003-4000-8000-000000000001', 'Catch', 'Tutmoq', '', 'phrase', 'A1', 16),
('a0000008-0003-4014-8000-000000000001', 'c0000008-0003-4000-8000-000000000001', 'Play', 'O''ynamoq', '', 'phrase', 'A1', 17),
('a0000008-0003-4014-8000-000000000001', 'c0000008-0003-4000-8000-000000000001', 'Hurry', 'Shoshilmoq', '', 'phrase', 'A1', 18),
('a0000008-0003-4014-8000-000000000001', 'c0000008-0003-4000-8000-000000000001', 'Stay', 'Qolmoq', '', 'phrase', 'A1', 19),
('a0000008-0003-4014-8000-000000000001', 'c0000008-0003-4000-8000-000000000001', 'Do', 'Bajarmoq', '', 'phrase', 'A1', 20),
('a0000008-0003-4014-8000-000000000001', 'c0000008-0003-4000-8000-000000000001', 'See', 'Ko''rmoq', '', 'phrase', 'A1', 21),
('a0000008-0003-4014-8000-000000000001', 'c0000008-0003-4000-8000-000000000001', 'Person', 'Shaxs', '', 'phrase', 'A1', 22),
('a0000008-0003-4014-8000-000000000001', 'c0000008-0003-4000-8000-000000000001', 'Work', 'Ishlamoq', '', 'phrase', 'A1', 23),
('a0000008-0003-4014-8000-000000000001', 'c0000008-0003-4000-8000-000000000001', 'Come', 'Kelmoq', '', 'phrase', 'A1', 24),
('a0000008-0003-4014-8000-000000000001', 'c0000008-0003-4000-8000-000000000001', 'Look', 'Qaramoq', '', 'phrase', 'A1', 25),
('a0000008-0003-4014-8000-000000000001', 'c0000008-0003-4000-8000-000000000001', 'Go', 'Bormoq', '', 'phrase', 'A1', 26),
('a0000008-0003-4014-8000-000000000001', 'c0000008-0003-4000-8000-000000000001', 'Around', 'Aylanasiga; qariyb', '', 'phrase', 'A1', 27);

-- Unit 15 (27 words)
INSERT INTO units (id, collection_id, title, unit_number, word_count)
VALUES ('a0000008-0003-4015-8000-000000000001', 'c0000008-0003-4000-8000-000000000001', 'Unit 15', 15, 27);

INSERT INTO words (unit_id, collection_id, word, translation, example_sentence, word_type, difficulty, word_number) VALUES
('a0000008-0003-4015-8000-000000000001', 'c0000008-0003-4000-8000-000000000001', 'Only', 'Faqat', '', 'phrase', 'A1', 1),
('a0000008-0003-4015-8000-000000000001', 'c0000008-0003-4000-8000-000000000001', 'How many', 'Qancha', '', 'phrase', 'A1', 2),
('a0000008-0003-4015-8000-000000000001', 'c0000008-0003-4000-8000-000000000001', 'Thing', 'Narsa', '', 'phrase', 'A1', 3),
('a0000008-0003-4015-8000-000000000001', 'c0000008-0003-4000-8000-000000000001', 'People', 'Odam', '', 'phrase', 'A1', 4),
('a0000008-0003-4015-8000-000000000001', 'c0000008-0003-4000-8000-000000000001', 'Wall', 'Devor', '', 'phrase', 'A1', 5),
('a0000008-0003-4015-8000-000000000001', 'c0000008-0003-4000-8000-000000000001', 'Personal', 'Shaxs', '', 'phrase', 'A1', 6),
('a0000008-0003-4015-8000-000000000001', 'c0000008-0003-4000-8000-000000000001', 'Pronouns', 'Olmosh', '', 'phrase', 'A1', 7),
('a0000008-0003-4015-8000-000000000001', 'c0000008-0003-4000-8000-000000000001', 'Before', 'Oldin', '', 'phrase', 'A1', 8),
('a0000008-0003-4015-8000-000000000001', 'c0000008-0003-4000-8000-000000000001', 'After', 'Keyin', '', 'phrase', 'A1', 9),
('a0000008-0003-4015-8000-000000000001', 'c0000008-0003-4000-8000-000000000001', 'Verb', 'Fe''l', '', 'phrase', 'A1', 10),
('a0000008-0003-4015-8000-000000000001', 'c0000008-0003-4000-8000-000000000001', 'Object', 'To''ldiruvchi; narsa; buyum', '', 'phrase', 'A1', 11),
('a0000008-0003-4015-8000-000000000001', 'c0000008-0003-4000-8000-000000000001', 'Subject', 'Ega', '', 'phrase', 'A1', 12),
('a0000008-0003-4015-8000-000000000001', 'c0000008-0003-4000-8000-000000000001', 'Peacock', 'Tovus', '', 'phrase', 'A1', 13),
('a0000008-0003-4015-8000-000000000001', 'c0000008-0003-4000-8000-000000000001', 'Motorcar', 'Mototsikl', '', 'phrase', 'A1', 14),
('a0000008-0003-4015-8000-000000000001', 'c0000008-0003-4000-8000-000000000001', 'Horse', 'Ot', '', 'phrase', 'A1', 15),
('a0000008-0003-4015-8000-000000000001', 'c0000008-0003-4000-8000-000000000001', 'Cooker', 'Oshpaz', '', 'phrase', 'A1', 16),
('a0000008-0003-4015-8000-000000000001', 'c0000008-0003-4000-8000-000000000001', 'Sister', 'Singil; opa', '', 'phrase', 'A1', 17),
('a0000008-0003-4015-8000-000000000001', 'c0000008-0003-4000-8000-000000000001', 'Lion', 'Sher', '', 'phrase', 'A1', 18),
('a0000008-0003-4015-8000-000000000001', 'c0000008-0003-4000-8000-000000000001', 'Tree', 'Daraxt', '', 'phrase', 'A1', 19),
('a0000008-0003-4015-8000-000000000001', 'c0000008-0003-4000-8000-000000000001', 'Shop', 'Do''kon', '', 'phrase', 'A1', 20),
('a0000008-0003-4015-8000-000000000001', 'c0000008-0003-4000-8000-000000000001', 'Affirmative', 'Ijobiy', '', 'phrase', 'A1', 21),
('a0000008-0003-4015-8000-000000000001', 'c0000008-0003-4000-8000-000000000001', 'Negative', 'Salbiy', '', 'phrase', 'A1', 22),
('a0000008-0003-4015-8000-000000000001', 'c0000008-0003-4000-8000-000000000001', 'Long', 'Uzun', '', 'phrase', 'A1', 23),
('a0000008-0003-4015-8000-000000000001', 'c0000008-0003-4000-8000-000000000001', 'Short', 'Qisqa; kalta', '', 'phrase', 'A1', 24),
('a0000008-0003-4015-8000-000000000001', 'c0000008-0003-4000-8000-000000000001', 'Old', 'Qari', '', 'phrase', 'A1', 25),
('a0000008-0003-4015-8000-000000000001', 'c0000008-0003-4000-8000-000000000001', 'Bird', 'Qush', '', 'phrase', 'A1', 26),
('a0000008-0003-4015-8000-000000000001', 'c0000008-0003-4000-8000-000000000001', 'From', 'Dan', '', 'phrase', 'A1', 27);

-- Unit 16 (26 words)
INSERT INTO units (id, collection_id, title, unit_number, word_count)
VALUES ('a0000008-0003-4016-8000-000000000001', 'c0000008-0003-4000-8000-000000000001', 'Unit 16', 16, 26);

INSERT INTO words (unit_id, collection_id, word, translation, example_sentence, word_type, difficulty, word_number) VALUES
('a0000008-0003-4016-8000-000000000001', 'c0000008-0003-4000-8000-000000000001', 'Tall', 'Uzun', '', 'phrase', 'A1', 1),
('a0000008-0003-4016-8000-000000000001', 'c0000008-0003-4000-8000-000000000001', 'Bedroom', 'Yotoq xona', '', 'phrase', 'A1', 2),
('a0000008-0003-4016-8000-000000000001', 'c0000008-0003-4000-8000-000000000001', 'Robot', 'Robot', '', 'phrase', 'A1', 3),
('a0000008-0003-4016-8000-000000000001', 'c0000008-0003-4000-8000-000000000001', 'Donkey', 'Eshak', '', 'phrase', 'A1', 4),
('a0000008-0003-4016-8000-000000000001', 'c0000008-0003-4000-8000-000000000001', 'Hairdresser', 'Stilist; sartarosh', '', 'phrase', 'A1', 5),
('a0000008-0003-4016-8000-000000000001', 'c0000008-0003-4000-8000-000000000001', 'Waiter', 'Ofitsant', '', 'phrase', 'A1', 6),
('a0000008-0003-4016-8000-000000000001', 'c0000008-0003-4000-8000-000000000001', 'Ball', 'To''p; shar', '', 'phrase', 'A1', 7),
('a0000008-0003-4016-8000-000000000001', 'c0000008-0003-4000-8000-000000000001', 'Tennis player', 'Tennischi', '', 'phrase', 'A1', 8),
('a0000008-0003-4016-8000-000000000001', 'c0000008-0003-4000-8000-000000000001', 'Hair', 'Soch', '', 'phrase', 'A1', 9),
('a0000008-0003-4016-8000-000000000001', 'c0000008-0003-4000-8000-000000000001', 'Boat', 'Kema', '', 'phrase', 'A1', 10),
('a0000008-0003-4016-8000-000000000001', 'c0000008-0003-4000-8000-000000000001', 'Garden', 'Bog''', '', 'phrase', 'A1', 11),
('a0000008-0003-4016-8000-000000000001', 'c0000008-0003-4000-8000-000000000001', 'Blue', 'Moviy', '', 'phrase', 'A1', 12),
('a0000008-0003-4016-8000-000000000001', 'c0000008-0003-4000-8000-000000000001', 'Ear', 'Quloq', '', 'phrase', 'A1', 13),
('a0000008-0003-4016-8000-000000000001', 'c0000008-0003-4000-8000-000000000001', 'Small', 'Kichik', '', 'phrase', 'A1', 14),
('a0000008-0003-4016-8000-000000000001', 'c0000008-0003-4000-8000-000000000001', 'Big', 'Katta', '', 'phrase', 'A1', 15),
('a0000008-0003-4016-8000-000000000001', 'c0000008-0003-4000-8000-000000000001', 'Leg', 'Oyoq', '', 'phrase', 'A1', 16),
('a0000008-0003-4016-8000-000000000001', 'c0000008-0003-4000-8000-000000000001', 'Tail', 'Dum', '', 'phrase', 'A1', 17),
('a0000008-0003-4016-8000-000000000001', 'c0000008-0003-4000-8000-000000000001', 'Hat', 'Qalpoq', '', 'phrase', 'A1', 18),
('a0000008-0003-4016-8000-000000000001', 'c0000008-0003-4000-8000-000000000001', 'Dressmaker', 'Tikuvchi', '', 'phrase', 'A1', 19),
('a0000008-0003-4016-8000-000000000001', 'c0000008-0003-4000-8000-000000000001', 'Sewing', 'Tikmoq', '', 'phrase', 'A1', 20),
('a0000008-0003-4016-8000-000000000001', 'c0000008-0003-4000-8000-000000000001', 'Business', 'Biznes', '', 'phrase', 'A1', 21),
('a0000008-0003-4016-8000-000000000001', 'c0000008-0003-4000-8000-000000000001', 'Spend', 'Sarflamoq', '', 'phrase', 'A1', 22),
('a0000008-0003-4016-8000-000000000001', 'c0000008-0003-4000-8000-000000000001', 'Farmer', 'Fermer; dehqon', '', 'phrase', 'A1', 23),
('a0000008-0003-4016-8000-000000000001', 'c0000008-0003-4000-8000-000000000001', 'Tractor', 'Traktor', '', 'phrase', 'A1', 24),
('a0000008-0003-4016-8000-000000000001', 'c0000008-0003-4000-8000-000000000001', 'Stethoscope', 'Stetoskop', '', 'phrase', 'A1', 25),
('a0000008-0003-4016-8000-000000000001', 'c0000008-0003-4000-8000-000000000001', 'Tray', 'Patnis', '', 'phrase', 'A1', 26);

-- Unit 17 (26 words)
INSERT INTO units (id, collection_id, title, unit_number, word_count)
VALUES ('a0000008-0003-4017-8000-000000000001', 'c0000008-0003-4000-8000-000000000001', 'Unit 17', 17, 26);

INSERT INTO words (unit_id, collection_id, word, translation, example_sentence, word_type, difficulty, word_number) VALUES
('a0000008-0003-4017-8000-000000000001', 'c0000008-0003-4000-8000-000000000001', 'Their', 'Ularning', '', 'phrase', 'A1', 1),
('a0000008-0003-4017-8000-000000000001', 'c0000008-0003-4000-8000-000000000001', 'Close', 'Yopmoq', '', 'phrase', 'A1', 2),
('a0000008-0003-4017-8000-000000000001', 'c0000008-0003-4000-8000-000000000001', 'Open', 'Ochmoq', '', 'phrase', 'A1', 3),
('a0000008-0003-4017-8000-000000000001', 'c0000008-0003-4000-8000-000000000001', 'Response', 'Javob', '', 'phrase', 'A1', 4),
('a0000008-0003-4017-8000-000000000001', 'c0000008-0003-4000-8000-000000000001', 'Make', 'Yaratmoq', '', 'phrase', 'A1', 5),
('a0000008-0003-4017-8000-000000000001', 'c0000008-0003-4000-8000-000000000001', 'False', 'Xato; noto''g''ri', '', 'phrase', 'A1', 6),
('a0000008-0003-4017-8000-000000000001', 'c0000008-0003-4000-8000-000000000001', 'Statement', 'Axborot; bayonot; fikr', '', 'phrase', 'A1', 7),
('a0000008-0003-4017-8000-000000000001', 'c0000008-0003-4000-8000-000000000001', 'Learn', 'O''rganmoq', '', 'phrase', 'A1', 8),
('a0000008-0003-4017-8000-000000000001', 'c0000008-0003-4000-8000-000000000001', 'Game', 'O''yin', '', 'phrase', 'A1', 9),
('a0000008-0003-4017-8000-000000000001', 'c0000008-0003-4000-8000-000000000001', 'Twice', 'Ikki marta', '', 'phrase', 'A1', 10),
('a0000008-0003-4017-8000-000000000001', 'c0000008-0003-4000-8000-000000000001', 'Change', 'O''zgartirmoq', '', 'phrase', 'A1', 11),
('a0000008-0003-4017-8000-000000000001', 'c0000008-0003-4000-8000-000000000001', 'Role', 'Rol', '', 'phrase', 'A1', 12),
('a0000008-0003-4017-8000-000000000001', 'c0000008-0003-4000-8000-000000000001', 'Swim', 'Suzmoq', '', 'phrase', 'A1', 13),
('a0000008-0003-4017-8000-000000000001', 'c0000008-0003-4000-8000-000000000001', 'Type', 'Toifa; tur; mashinada yozmoq', '', 'phrase', 'A1', 14),
('a0000008-0003-4017-8000-000000000001', 'c0000008-0003-4000-8000-000000000001', 'Ski', 'Changi', '', 'phrase', 'A1', 15),
('a0000008-0003-4017-8000-000000000001', 'c0000008-0003-4000-8000-000000000001', 'Run', 'Yugurmoq', '', 'phrase', 'A1', 16),
('a0000008-0003-4017-8000-000000000001', 'c0000008-0003-4000-8000-000000000001', 'Fast', 'Tez', '', 'phrase', 'A1', 17),
('a0000008-0003-4017-8000-000000000001', 'c0000008-0003-4000-8000-000000000001', 'Walk', 'Yurmoq', '', 'phrase', 'A1', 18),
('a0000008-0003-4017-8000-000000000001', 'c0000008-0003-4000-8000-000000000001', 'Jump', 'Sakramoq', '', 'phrase', 'A1', 19),
('a0000008-0003-4017-8000-000000000001', 'c0000008-0003-4000-8000-000000000001', 'Name', 'Ism; nom', '', 'phrase', 'A1', 20),
('a0000008-0003-4017-8000-000000000001', 'c0000008-0003-4000-8000-000000000001', 'Adverb', 'Ravish', '', 'phrase', 'A1', 21),
('a0000008-0003-4017-8000-000000000001', 'c0000008-0003-4000-8000-000000000001', 'Frequency', 'Tez-tez takrorlash', '', 'phrase', 'A1', 22),
('a0000008-0003-4017-8000-000000000001', 'c0000008-0003-4000-8000-000000000001', 'Main', 'Asosiy', '', 'phrase', 'A1', 23),
('a0000008-0003-4017-8000-000000000001', 'c0000008-0003-4000-8000-000000000001', 'Seldom', 'Ba''zan', '', 'phrase', 'A1', 24),
('a0000008-0003-4017-8000-000000000001', 'c0000008-0003-4000-8000-000000000001', 'Late', 'Kech', '', 'phrase', 'A1', 25),
('a0000008-0003-4017-8000-000000000001', 'c0000008-0003-4000-8000-000000000001', 'Brush', 'Cho''tka', '', 'phrase', 'A1', 26);

-- Unit 18 (26 words)
INSERT INTO units (id, collection_id, title, unit_number, word_count)
VALUES ('a0000008-0003-4018-8000-000000000001', 'c0000008-0003-4000-8000-000000000001', 'Unit 18', 18, 26);

INSERT INTO words (unit_id, collection_id, word, translation, example_sentence, word_type, difficulty, word_number) VALUES
('a0000008-0003-4018-8000-000000000001', 'c0000008-0003-4000-8000-000000000001', 'Help', 'Yordam bermoq', '', 'phrase', 'A1', 1),
('a0000008-0003-4018-8000-000000000001', 'c0000008-0003-4000-8000-000000000001', 'Drink', 'Ichmoq', '', 'phrase', 'A1', 2),
('a0000008-0003-4018-8000-000000000001', 'c0000008-0003-4000-8000-000000000001', 'Newspaper', 'Gazeta', '', 'phrase', 'A1', 3),
('a0000008-0003-4018-8000-000000000001', 'c0000008-0003-4000-8000-000000000001', 'Homework', 'Uy vazifa', '', 'phrase', 'A1', 4),
('a0000008-0003-4018-8000-000000000001', 'c0000008-0003-4000-8000-000000000001', 'Climb', 'Tirmashmoq', '', 'phrase', 'A1', 5),
('a0000008-0003-4018-8000-000000000001', 'c0000008-0003-4000-8000-000000000001', 'Tidy', 'Tozalamoq', '', 'phrase', 'A1', 6),
('a0000008-0003-4018-8000-000000000001', 'c0000008-0003-4000-8000-000000000001', 'Eat', 'Yemoq', '', 'phrase', 'A1', 7),
('a0000008-0003-4018-8000-000000000001', 'c0000008-0003-4000-8000-000000000001', 'Get up', 'Turmoq; uyg''onmoq', '', 'phrase', 'A1', 8),
('a0000008-0003-4018-8000-000000000001', 'c0000008-0003-4000-8000-000000000001', 'Morning', 'Tong', '', 'phrase', 'A1', 9),
('a0000008-0003-4018-8000-000000000001', 'c0000008-0003-4000-8000-000000000001', 'Put on', 'Kiymoq', '', 'phrase', 'A1', 10),
('a0000008-0003-4018-8000-000000000001', 'c0000008-0003-4000-8000-000000000001', 'Early', 'Erta', '', 'phrase', 'A1', 11),
('a0000008-0003-4018-8000-000000000001', 'c0000008-0003-4000-8000-000000000001', 'So', 'Shunday qilib', '', 'phrase', 'A1', 12),
('a0000008-0003-4018-8000-000000000001', 'c0000008-0003-4000-8000-000000000001', 'Feed', 'Ovqatlantirmoq', '', 'phrase', 'A1', 13),
('a0000008-0003-4018-8000-000000000001', 'c0000008-0003-4000-8000-000000000001', 'Chicken', 'Jo''ja', '', 'phrase', 'A1', 14),
('a0000008-0003-4018-8000-000000000001', 'c0000008-0003-4000-8000-000000000001', 'Herself', 'Uning o''zi', '', 'phrase', 'A1', 15),
('a0000008-0003-4018-8000-000000000001', 'c0000008-0003-4000-8000-000000000001', 'Dinner', 'Tushlik', '', 'phrase', 'A1', 16),
('a0000008-0003-4018-8000-000000000001', 'c0000008-0003-4000-8000-000000000001', 'Listen', 'Eshitmoq', '', 'phrase', 'A1', 17),
('a0000008-0003-4018-8000-000000000001', 'c0000008-0003-4000-8000-000000000001', 'Go to bed', 'Uxlashga yotmoq', '', 'phrase', 'A1', 18),
('a0000008-0003-4018-8000-000000000001', 'c0000008-0003-4000-8000-000000000001', 'Tired', 'Charchagan', '', 'phrase', 'A1', 19),
('a0000008-0003-4018-8000-000000000001', 'c0000008-0003-4000-8000-000000000001', 'Beautiful', 'Chiroyli', '', 'phrase', 'A1', 20),
('a0000008-0003-4018-8000-000000000001', 'c0000008-0003-4000-8000-000000000001', 'Animal', 'Hayvon', '', 'phrase', 'A1', 21),
('a0000008-0003-4018-8000-000000000001', 'c0000008-0003-4000-8000-000000000001', 'Bite', 'Tishlamoq', '', 'phrase', 'A1', 22),
('a0000008-0003-4018-8000-000000000001', 'c0000008-0003-4000-8000-000000000001', 'Friendly', 'Do''stona', '', 'phrase', 'A1', 23),
('a0000008-0003-4018-8000-000000000001', 'c0000008-0003-4000-8000-000000000001', 'Town', 'Shahar', '', 'phrase', 'A1', 24),
('a0000008-0003-4018-8000-000000000001', 'c0000008-0003-4000-8000-000000000001', 'Night', 'Tun', '', 'phrase', 'A1', 25),
('a0000008-0003-4018-8000-000000000001', 'c0000008-0003-4000-8000-000000000001', 'Stable', 'Barqaror; turg''un', '', 'phrase', 'A1', 26);

-- Unit 19 (26 words)
INSERT INTO units (id, collection_id, title, unit_number, word_count)
VALUES ('a0000008-0003-4019-8000-000000000001', 'c0000008-0003-4000-8000-000000000001', 'Unit 19', 19, 26);

INSERT INTO words (unit_id, collection_id, word, translation, example_sentence, word_type, difficulty, word_number) VALUES
('a0000008-0003-4019-8000-000000000001', 'c0000008-0003-4000-8000-000000000001', 'Enjoy', 'Xuzurlanmoq', '', 'phrase', 'A1', 1),
('a0000008-0003-4019-8000-000000000001', 'c0000008-0003-4000-8000-000000000001', 'Star', 'Yulduz', '', 'phrase', 'A1', 2),
('a0000008-0003-4019-8000-000000000001', 'c0000008-0003-4000-8000-000000000001', 'World', 'Dunyo; jahon', '', 'phrase', 'A1', 3),
('a0000008-0003-4019-8000-000000000001', 'c0000008-0003-4000-8000-000000000001', 'Dislike', 'Yoqtirmaslik', '', 'phrase', 'A1', 4),
('a0000008-0003-4019-8000-000000000001', 'c0000008-0003-4000-8000-000000000001', 'Partner', 'Sherik; turmush o''rtoq', '', 'phrase', 'A1', 5),
('a0000008-0003-4019-8000-000000000001', 'c0000008-0003-4000-8000-000000000001', 'Well', 'Yaxshi', '', 'phrase', 'A1', 6),
('a0000008-0003-4019-8000-000000000001', 'c0000008-0003-4000-8000-000000000001', 'Behaved', 'Tarbiyali', '', 'phrase', 'A1', 7),
('a0000008-0003-4019-8000-000000000001', 'c0000008-0003-4000-8000-000000000001', 'Spell', 'Talaffuz qilmoq', '', 'phrase', 'A1', 8),
('a0000008-0003-4019-8000-000000000001', 'c0000008-0003-4000-8000-000000000001', 'Scare', 'Qo''rqitmoq; cho''chish', '', 'phrase', 'A1', 9),
('a0000008-0003-4019-8000-000000000001', 'c0000008-0003-4000-8000-000000000001', 'Crash', 'Qattiq; kuchli ovoz', '', 'phrase', 'A1', 10),
('a0000008-0003-4019-8000-000000000001', 'c0000008-0003-4000-8000-000000000001', 'Stir', 'Aralashtirmoq', '', 'phrase', 'A1', 11),
('a0000008-0003-4019-8000-000000000001', 'c0000008-0003-4000-8000-000000000001', 'Hit', 'Urmoq', '', 'phrase', 'A1', 12),
('a0000008-0003-4019-8000-000000000001', 'c0000008-0003-4000-8000-000000000001', 'Shave', 'Soqol olmoq', '', 'phrase', 'A1', 13),
('a0000008-0003-4019-8000-000000000001', 'c0000008-0003-4000-8000-000000000001', 'Make', 'Yaratmoq', '', 'phrase', 'A1', 14),
('a0000008-0003-4019-8000-000000000001', 'c0000008-0003-4000-8000-000000000001', 'Lie', 'Yotmoq', '', 'phrase', 'A1', 15),
('a0000008-0003-4019-8000-000000000001', 'c0000008-0003-4000-8000-000000000001', 'Die', 'O''lmoq', '', 'phrase', 'A1', 16),
('a0000008-0003-4019-8000-000000000001', 'c0000008-0003-4000-8000-000000000001', 'Drop', 'Tommoq; tomchilamoq', '', 'phrase', 'A1', 17),
('a0000008-0003-4019-8000-000000000001', 'c0000008-0003-4000-8000-000000000001', 'Cry', 'Yig''lamoq', '', 'phrase', 'A1', 18),
('a0000008-0003-4019-8000-000000000001', 'c0000008-0003-4000-8000-000000000001', 'Carol', 'Rozhdestvo qo''shig''i', '', 'phrase', 'A1', 19),
('a0000008-0003-4019-8000-000000000001', 'c0000008-0003-4000-8000-000000000001', 'Sofa', 'Divan', '', 'phrase', 'A1', 20),
('a0000008-0003-4019-8000-000000000001', 'c0000008-0003-4000-8000-000000000001', 'Wait', 'Kutmoq', '', 'phrase', 'A1', 21),
('a0000008-0003-4019-8000-000000000001', 'c0000008-0003-4000-8000-000000000001', 'Check', 'Tekshirmoq', '', 'phrase', 'A1', 22),
('a0000008-0003-4019-8000-000000000001', 'c0000008-0003-4000-8000-000000000001', 'Passenger', 'Yo''lovchi', '', 'phrase', 'A1', 23),
('a0000008-0003-4019-8000-000000000001', 'c0000008-0003-4000-8000-000000000001', 'Ticket', 'Bilet', '', 'phrase', 'A1', 24),
('a0000008-0003-4019-8000-000000000001', 'c0000008-0003-4000-8000-000000000001', 'Ask', 'So''ramoq', '', 'phrase', 'A1', 25),
('a0000008-0003-4019-8000-000000000001', 'c0000008-0003-4000-8000-000000000001', 'Question', 'Savol', '', 'phrase', 'A1', 26);

-- ─── Update collection total_units counts ───
UPDATE collections SET total_units = (SELECT COUNT(*) FROM units WHERE collection_id = 'c0000008-0003-4000-8000-000000000001') WHERE id = 'c0000008-0003-4000-8000-000000000001';

-- ─── Collection: Round Up 4 ────────────────────────────────────────

INSERT INTO collections (id, title, short_title, description, category, difficulty, cover_emoji, cover_color, total_units, is_published)
VALUES ('c0000008-0004-4000-8000-000000000001', 'Round Up 4', 'Round Up 4', 'Vocabulary words from Round Up 4', 'esl', 'A1', '📙', '#EAB308', 15, true);

-- Unit 1 (28 words)
INSERT INTO units (id, collection_id, title, unit_number, word_count)
VALUES ('a0000008-0004-4001-8000-000000000001', 'c0000008-0004-4000-8000-000000000001', 'Unit 1', 1, 28);

INSERT INTO words (unit_id, collection_id, word, translation, example_sentence, word_type, difficulty, word_number) VALUES
('a0000008-0004-4001-8000-000000000001', 'c0000008-0004-4000-8000-000000000001', 'Catch', 'Tutmoq', '', 'phrase', 'A1', 1),
('a0000008-0004-4001-8000-000000000001', 'c0000008-0004-4000-8000-000000000001', 'Repeat', 'Takrorlamoq', '', 'phrase', 'A1', 2),
('a0000008-0004-4001-8000-000000000001', 'c0000008-0004-4000-8000-000000000001', 'Habitual', 'Odatiy', '', 'phrase', 'A1', 3),
('a0000008-0004-4001-8000-000000000001', 'c0000008-0004-4000-8000-000000000001', 'Action', 'Holat', '', 'phrase', 'A1', 4),
('a0000008-0004-4001-8000-000000000001', 'c0000008-0004-4000-8000-000000000001', 'Situation', 'Holat', '', 'phrase', 'A1', 5),
('a0000008-0004-4001-8000-000000000001', 'c0000008-0004-4000-8000-000000000001', 'Especially', 'Asosan', '', 'phrase', 'A1', 6),
('a0000008-0004-4001-8000-000000000001', 'c0000008-0004-4000-8000-000000000001', 'Frequency', 'Tez-tez', '', 'phrase', 'A1', 7),
('a0000008-0004-4001-8000-000000000001', 'c0000008-0004-4000-8000-000000000001', 'Truth', 'Haqiqat', '', 'phrase', 'A1', 8),
('a0000008-0004-4001-8000-000000000001', 'c0000008-0004-4000-8000-000000000001', 'Law', 'Qonun', '', 'phrase', 'A1', 9),
('a0000008-0004-4001-8000-000000000001', 'c0000008-0004-4000-8000-000000000001', 'Nature', 'Tabiat', '', 'phrase', 'A1', 10),
('a0000008-0004-4001-8000-000000000001', 'c0000008-0004-4000-8000-000000000001', 'Set', 'Pasaymoq', '', 'phrase', 'A1', 11),
('a0000008-0004-4001-8000-000000000001', 'c0000008-0004-4000-8000-000000000001', 'East', 'Sharq', '', 'phrase', 'A1', 12),
('a0000008-0004-4001-8000-000000000001', 'c0000008-0004-4000-8000-000000000001', 'West', 'G''arb', '', 'phrase', 'A1', 13),
('a0000008-0004-4001-8000-000000000001', 'c0000008-0004-4000-8000-000000000001', 'South', 'Janub', '', 'phrase', 'A1', 14),
('a0000008-0004-4001-8000-000000000001', 'c0000008-0004-4000-8000-000000000001', 'North', 'Shimol', '', 'phrase', 'A1', 15),
('a0000008-0004-4001-8000-000000000001', 'c0000008-0004-4000-8000-000000000001', 'Timetable', 'Jadval', '', 'phrase', 'A1', 16),
('a0000008-0004-4001-8000-000000000001', 'c0000008-0004-4000-8000-000000000001', 'Puppy', 'Kuchukcha', '', 'phrase', 'A1', 17),
('a0000008-0004-4001-8000-000000000001', 'c0000008-0004-4000-8000-000000000001', 'Annoyance', 'Bezovtalik', '', 'phrase', 'A1', 18),
('a0000008-0004-4001-8000-000000000001', 'c0000008-0004-4000-8000-000000000001', 'Criticism', 'Tanqid', '', 'phrase', 'A1', 19),
('a0000008-0004-4001-8000-000000000001', 'c0000008-0004-4000-8000-000000000001', 'Lie', '1-Aldamoq; 2-yotmoq', '', 'phrase', 'A1', 20),
('a0000008-0004-4001-8000-000000000001', 'c0000008-0004-4000-8000-000000000001', 'Fix', 'O''rnatmoq', '', 'phrase', 'A1', 21),
('a0000008-0004-4001-8000-000000000001', 'c0000008-0004-4000-8000-000000000001', 'Arrangement', 'Tartibga keltirish', '', 'phrase', 'A1', 22),
('a0000008-0004-4001-8000-000000000001', 'c0000008-0004-4000-8000-000000000001', 'Rarely', 'Kamdan-kam', '', 'phrase', 'A1', 23),
('a0000008-0004-4001-8000-000000000001', 'c0000008-0004-4000-8000-000000000001', 'Auxiliary', 'Yordamchi', '', 'phrase', 'A1', 24),
('a0000008-0004-4001-8000-000000000001', 'c0000008-0004-4000-8000-000000000001', 'Carry', 'Ko''tarmoq', '', 'phrase', 'A1', 25),
('a0000008-0004-4001-8000-000000000001', 'c0000008-0004-4000-8000-000000000001', 'Hit', 'Urmoq', '', 'phrase', 'A1', 26),
('a0000008-0004-4001-8000-000000000001', 'c0000008-0004-4000-8000-000000000001', 'Care', 'Xavotirlanmoq', '', 'phrase', 'A1', 27),
('a0000008-0004-4001-8000-000000000001', 'c0000008-0004-4000-8000-000000000001', 'Magazine', 'Jurnal', '', 'phrase', 'A1', 28);

-- Unit 2 (27 words)
INSERT INTO units (id, collection_id, title, unit_number, word_count)
VALUES ('a0000008-0004-4002-8000-000000000001', 'c0000008-0004-4000-8000-000000000001', 'Unit 2', 2, 27);

INSERT INTO words (unit_id, collection_id, word, translation, example_sentence, word_type, difficulty, word_number) VALUES
('a0000008-0004-4002-8000-000000000001', 'c0000008-0004-4000-8000-000000000001', 'Journal', 'Jurnal', '', 'phrase', 'A1', 1),
('a0000008-0004-4002-8000-000000000001', 'c0000008-0004-4000-8000-000000000001', 'Newspaper', 'Gazeta', '', 'phrase', 'A1', 2),
('a0000008-0004-4002-8000-000000000001', 'c0000008-0004-4000-8000-000000000001', 'Nature', 'Tabiat', '', 'phrase', 'A1', 3),
('a0000008-0004-4002-8000-000000000001', 'c0000008-0004-4000-8000-000000000001', 'Board', 'E''lon', '', 'phrase', 'A1', 4),
('a0000008-0004-4002-8000-000000000001', 'c0000008-0004-4000-8000-000000000001', 'Jog', 'Sekin yugurmoq', '', 'phrase', 'A1', 5),
('a0000008-0004-4002-8000-000000000001', 'c0000008-0004-4000-8000-000000000001', 'Gym', 'Gimnastika', '', 'phrase', 'A1', 6),
('a0000008-0004-4002-8000-000000000001', 'c0000008-0004-4000-8000-000000000001', 'Weight', 'Og''irlik', '', 'phrase', 'A1', 7),
('a0000008-0004-4002-8000-000000000001', 'c0000008-0004-4000-8000-000000000001', 'Plant', 'O''simlik', '', 'phrase', 'A1', 8),
('a0000008-0004-4002-8000-000000000001', 'c0000008-0004-4000-8000-000000000001', 'Boil', 'Qaynatmoq', '', 'phrase', 'A1', 9),
('a0000008-0004-4002-8000-000000000001', 'c0000008-0004-4000-8000-000000000001', 'Grass', 'Maysa', '', 'phrase', 'A1', 10),
('a0000008-0004-4002-8000-000000000001', 'c0000008-0004-4000-8000-000000000001', 'Lay', 'Yotmoq', '', 'phrase', 'A1', 11),
('a0000008-0004-4002-8000-000000000001', 'c0000008-0004-4000-8000-000000000001', 'Surf', 'Sohil', '', 'phrase', 'A1', 12),
('a0000008-0004-4002-8000-000000000001', 'c0000008-0004-4000-8000-000000000001', 'Sunshade', 'Katta soyabon', '', 'phrase', 'A1', 13),
('a0000008-0004-4002-8000-000000000001', 'c0000008-0004-4000-8000-000000000001', 'Sandcastle', 'Qum qasr', '', 'phrase', 'A1', 14),
('a0000008-0004-4002-8000-000000000001', 'c0000008-0004-4000-8000-000000000001', 'Beach', 'Sohil', '', 'phrase', 'A1', 15),
('a0000008-0004-4002-8000-000000000001', 'c0000008-0004-4000-8000-000000000001', 'Nail', 'Mix', '', 'phrase', 'A1', 16),
('a0000008-0004-4002-8000-000000000001', 'c0000008-0004-4000-8000-000000000001', 'Rugby', 'Futbol (amerikancha)', '', 'phrase', 'A1', 17),
('a0000008-0004-4002-8000-000000000001', 'c0000008-0004-4000-8000-000000000001', 'Laptop', 'Kompyuter', '', 'phrase', 'A1', 18),
('a0000008-0004-4002-8000-000000000001', 'c0000008-0004-4000-8000-000000000001', 'Comic', 'Kulgili', '', 'phrase', 'A1', 19),
('a0000008-0004-4002-8000-000000000001', 'c0000008-0004-4000-8000-000000000001', 'Project', 'Loyiha', '', 'phrase', 'A1', 20),
('a0000008-0004-4002-8000-000000000001', 'c0000008-0004-4000-8000-000000000001', 'Fun', 'Xursandchilik', '', 'phrase', 'A1', 21),
('a0000008-0004-4002-8000-000000000001', 'c0000008-0004-4000-8000-000000000001', 'Care', 'Qayg''urmoq', '', 'phrase', 'A1', 22),
('a0000008-0004-4002-8000-000000000001', 'c0000008-0004-4000-8000-000000000001', 'Politician', 'Siyosatchi', '', 'phrase', 'A1', 23),
('a0000008-0004-4002-8000-000000000001', 'c0000008-0004-4000-8000-000000000001', 'Scuba', 'G''avvos', '', 'phrase', 'A1', 24),
('a0000008-0004-4002-8000-000000000001', 'c0000008-0004-4000-8000-000000000001', 'Wheel', 'G''ildirak', '', 'phrase', 'A1', 25),
('a0000008-0004-4002-8000-000000000001', 'c0000008-0004-4000-8000-000000000001', 'Visit', 'Tashrif buyurmoq', '', 'phrase', 'A1', 26),
('a0000008-0004-4002-8000-000000000001', 'c0000008-0004-4000-8000-000000000001', 'Exist', 'Mavjud bo''lmoq', '', 'phrase', 'A1', 27);

-- Unit 3 (27 words)
INSERT INTO units (id, collection_id, title, unit_number, word_count)
VALUES ('a0000008-0004-4003-8000-000000000001', 'c0000008-0004-4000-8000-000000000001', 'Unit 3', 3, 27);

INSERT INTO words (unit_id, collection_id, word, translation, example_sentence, word_type, difficulty, word_number) VALUES
('a0000008-0004-4003-8000-000000000001', 'c0000008-0004-4000-8000-000000000001', 'Couple', 'Juftlik', '', 'phrase', 'A1', 1),
('a0000008-0004-4003-8000-000000000001', 'c0000008-0004-4000-8000-000000000001', 'Plenty', 'Ko''p', '', 'phrase', 'A1', 2),
('a0000008-0004-4003-8000-000000000001', 'c0000008-0004-4000-8000-000000000001', 'Discuss', 'Muhokama qilmoq', '', 'phrase', 'A1', 3),
('a0000008-0004-4003-8000-000000000001', 'c0000008-0004-4000-8000-000000000001', 'Hall', 'Zal', '', 'phrase', 'A1', 4),
('a0000008-0004-4003-8000-000000000001', 'c0000008-0004-4000-8000-000000000001', 'Nearby', 'Yaqin', '', 'phrase', 'A1', 5),
('a0000008-0004-4003-8000-000000000001', 'c0000008-0004-4000-8000-000000000001', 'Unpack', 'Ochmoq', '', 'phrase', 'A1', 6),
('a0000008-0004-4003-8000-000000000001', 'c0000008-0004-4000-8000-000000000001', 'Stamp', 'Tepmoq', '', 'phrase', 'A1', 7),
('a0000008-0004-4003-8000-000000000001', 'c0000008-0004-4000-8000-000000000001', 'Abroad', 'Xorij', '', 'phrase', 'A1', 8),
('a0000008-0004-4003-8000-000000000001', 'c0000008-0004-4000-8000-000000000001', 'Shine', 'Charaqlamoq', '', 'phrase', 'A1', 9),
('a0000008-0004-4003-8000-000000000001', 'c0000008-0004-4000-8000-000000000001', 'Rise', 'Ko''tarilmoq', '', 'phrase', 'A1', 10),
('a0000008-0004-4003-8000-000000000001', 'c0000008-0004-4000-8000-000000000001', 'Delicious', 'Mazali', '', 'phrase', 'A1', 11),
('a0000008-0004-4003-8000-000000000001', 'c0000008-0004-4000-8000-000000000001', 'Pie', 'Pirog', '', 'phrase', 'A1', 12),
('a0000008-0004-4003-8000-000000000001', 'c0000008-0004-4000-8000-000000000001', 'Beat', 'Urmoq', '', 'phrase', 'A1', 13),
('a0000008-0004-4003-8000-000000000001', 'c0000008-0004-4000-8000-000000000001', 'Order', 'Tartib', '', 'phrase', 'A1', 14),
('a0000008-0004-4003-8000-000000000001', 'c0000008-0004-4000-8000-000000000001', 'Belong', 'Tegishli bo''lmoq', '', 'phrase', 'A1', 15),
('a0000008-0004-4003-8000-000000000001', 'c0000008-0004-4000-8000-000000000001', 'Cost', 'Narxlamoq', '', 'phrase', 'A1', 16),
('a0000008-0004-4003-8000-000000000001', 'c0000008-0004-4000-8000-000000000001', 'Feel', 'His qilmoq', '', 'phrase', 'A1', 17),
('a0000008-0004-4003-8000-000000000001', 'c0000008-0004-4000-8000-000000000001', 'Forget', 'Unutmoq', '', 'phrase', 'A1', 18),
('a0000008-0004-4003-8000-000000000001', 'c0000008-0004-4000-8000-000000000001', 'Mean', 'Ma''no anglatmoq', '', 'phrase', 'A1', 19),
('a0000008-0004-4003-8000-000000000001', 'c0000008-0004-4000-8000-000000000001', 'Prefer', 'Afzal ko''rmoq', '', 'phrase', 'A1', 20),
('a0000008-0004-4003-8000-000000000001', 'c0000008-0004-4000-8000-000000000001', 'Realize', 'Tushunmoq', '', 'phrase', 'A1', 21),
('a0000008-0004-4003-8000-000000000001', 'c0000008-0004-4000-8000-000000000001', 'Seem', 'Bo''lib tuyulmoq', '', 'phrase', 'A1', 22),
('a0000008-0004-4003-8000-000000000001', 'c0000008-0004-4000-8000-000000000001', 'Suppose', 'O''ylamoq; taklif qilmoq', '', 'phrase', 'A1', 23),
('a0000008-0004-4003-8000-000000000001', 'c0000008-0004-4000-8000-000000000001', 'Tent', 'Chodir', '', 'phrase', 'A1', 24),
('a0000008-0004-4003-8000-000000000001', 'c0000008-0004-4000-8000-000000000001', 'Competition', 'Musobaqa', '', 'phrase', 'A1', 25),
('a0000008-0004-4003-8000-000000000001', 'c0000008-0004-4000-8000-000000000001', 'Difficult', 'Qiyin', '', 'phrase', 'A1', 26),
('a0000008-0004-4003-8000-000000000001', 'c0000008-0004-4000-8000-000000000001', 'Campus', 'Talabalar shaharchasi', '', 'phrase', 'A1', 27);

-- Unit 4 (27 words)
INSERT INTO units (id, collection_id, title, unit_number, word_count)
VALUES ('a0000008-0004-4004-8000-000000000001', 'c0000008-0004-4000-8000-000000000001', 'Unit 4', 4, 27);

INSERT INTO words (unit_id, collection_id, word, translation, example_sentence, word_type, difficulty, word_number) VALUES
('a0000008-0004-4004-8000-000000000001', 'c0000008-0004-4000-8000-000000000001', 'Wide', 'Keng', '', 'phrase', 'A1', 1),
('a0000008-0004-4004-8000-000000000001', 'c0000008-0004-4000-8000-000000000001', 'Calm', 'Sokin', '', 'phrase', 'A1', 2),
('a0000008-0004-4004-8000-000000000001', 'c0000008-0004-4000-8000-000000000001', 'Possible', 'Bo''lishi mumkin', '', 'phrase', 'A1', 3),
('a0000008-0004-4004-8000-000000000001', 'c0000008-0004-4000-8000-000000000001', 'Wing', 'Qanot', '', 'phrase', 'A1', 4),
('a0000008-0004-4004-8000-000000000001', 'c0000008-0004-4000-8000-000000000001', 'Wand', 'Chiviq; sehrli tayoqcha', '', 'phrase', 'A1', 5),
('a0000008-0004-4004-8000-000000000001', 'c0000008-0004-4000-8000-000000000001', 'Traditional', 'An''anaviy', '', 'phrase', 'A1', 6),
('a0000008-0004-4004-8000-000000000001', 'c0000008-0004-4000-8000-000000000001', 'Crunch', 'G''ajim; chaynamoq', '', 'phrase', 'A1', 7),
('a0000008-0004-4004-8000-000000000001', 'c0000008-0004-4000-8000-000000000001', 'Luxury', 'Hashamat', '', 'phrase', 'A1', 8),
('a0000008-0004-4004-8000-000000000001', 'c0000008-0004-4000-8000-000000000001', 'Tiny', 'Jajji', '', 'phrase', 'A1', 9),
('a0000008-0004-4004-8000-000000000001', 'c0000008-0004-4000-8000-000000000001', 'Cheer', 'Xursandchilik', '', 'phrase', 'A1', 10),
('a0000008-0004-4004-8000-000000000001', 'c0000008-0004-4000-8000-000000000001', 'Steam', 'Bug''', '', 'phrase', 'A1', 11),
('a0000008-0004-4004-8000-000000000001', 'c0000008-0004-4000-8000-000000000001', 'Postcard', 'Tabriknoma', '', 'phrase', 'A1', 12),
('a0000008-0004-4004-8000-000000000001', 'c0000008-0004-4000-8000-000000000001', 'Map', 'Xarita', '', 'phrase', 'A1', 13),
('a0000008-0004-4004-8000-000000000001', 'c0000008-0004-4000-8000-000000000001', 'Novel', 'Roman', '', 'phrase', 'A1', 14),
('a0000008-0004-4004-8000-000000000001', 'c0000008-0004-4000-8000-000000000001', 'Far', 'Uzoq', '', 'phrase', 'A1', 15),
('a0000008-0004-4004-8000-000000000001', 'c0000008-0004-4000-8000-000000000001', 'Furniture', 'Mebel', '', 'phrase', 'A1', 16),
('a0000008-0004-4004-8000-000000000001', 'c0000008-0004-4000-8000-000000000001', 'Sell', 'Sotmoq', '', 'phrase', 'A1', 17),
('a0000008-0004-4004-8000-000000000001', 'c0000008-0004-4000-8000-000000000001', 'Habit', 'Odat', '', 'phrase', 'A1', 18),
('a0000008-0004-4004-8000-000000000001', 'c0000008-0004-4000-8000-000000000001', 'Flat', 'Kvartira', '', 'phrase', 'A1', 19),
('a0000008-0004-4004-8000-000000000001', 'c0000008-0004-4000-8000-000000000001', 'Put on', 'Kiymoq', '', 'phrase', 'A1', 20),
('a0000008-0004-4004-8000-000000000001', 'c0000008-0004-4000-8000-000000000001', 'Repeat', 'Takrorlamoq', '', 'phrase', 'A1', 21),
('a0000008-0004-4004-8000-000000000001', 'c0000008-0004-4000-8000-000000000001', 'Shape', 'Shakl', '', 'phrase', 'A1', 22),
('a0000008-0004-4004-8000-000000000001', 'c0000008-0004-4000-8000-000000000001', 'Age', 'Yosh', '', 'phrase', 'A1', 23),
('a0000008-0004-4004-8000-000000000001', 'c0000008-0004-4000-8000-000000000001', 'Origin', 'Kelib chiqishi', '', 'phrase', 'A1', 24),
('a0000008-0004-4004-8000-000000000001', 'c0000008-0004-4000-8000-000000000001', 'Material', 'Material', '', 'phrase', 'A1', 25),
('a0000008-0004-4004-8000-000000000001', 'c0000008-0004-4000-8000-000000000001', 'Rectangular', 'To''rtburchak', '', 'phrase', 'A1', 26),
('a0000008-0004-4004-8000-000000000001', 'c0000008-0004-4000-8000-000000000001', 'Wooden', 'Yog''ochli', '', 'phrase', 'A1', 27);

-- Unit 5 (27 words)
INSERT INTO units (id, collection_id, title, unit_number, word_count)
VALUES ('a0000008-0004-4005-8000-000000000001', 'c0000008-0004-4000-8000-000000000001', 'Unit 5', 5, 27);

INSERT INTO words (unit_id, collection_id, word, translation, example_sentence, word_type, difficulty, word_number) VALUES
('a0000008-0004-4005-8000-000000000001', 'c0000008-0004-4000-8000-000000000001', 'Fancy', 'Xayol; qiziqish', '', 'phrase', 'A1', 1),
('a0000008-0004-4005-8000-000000000001', 'c0000008-0004-4000-8000-000000000001', 'Clown', 'Masxaraboz', '', 'phrase', 'A1', 2),
('a0000008-0004-4005-8000-000000000001', 'c0000008-0004-4000-8000-000000000001', 'Suit', 'Mos bo''lmoq', '', 'phrase', 'A1', 3),
('a0000008-0004-4005-8000-000000000001', 'c0000008-0004-4000-8000-000000000001', 'Curly', 'Jingalak', '', 'phrase', 'A1', 4),
('a0000008-0004-4005-8000-000000000001', 'c0000008-0004-4000-8000-000000000001', 'Huge', 'Keng; yirik', '', 'phrase', 'A1', 5),
('a0000008-0004-4005-8000-000000000001', 'c0000008-0004-4000-8000-000000000001', 'Fairy', 'Sehrlovchi', '', 'phrase', 'A1', 6),
('a0000008-0004-4005-8000-000000000001', 'c0000008-0004-4000-8000-000000000001', 'Silver', 'Kumush', '', 'phrase', 'A1', 7),
('a0000008-0004-4005-8000-000000000001', 'c0000008-0004-4000-8000-000000000001', 'Shiny', 'Quyoshli', '', 'phrase', 'A1', 8),
('a0000008-0004-4005-8000-000000000001', 'c0000008-0004-4000-8000-000000000001', 'Wand', 'Chiviq; sehrli tayoqcha', '', 'phrase', 'A1', 9),
('a0000008-0004-4005-8000-000000000001', 'c0000008-0004-4000-8000-000000000001', 'Fun', 'Xursandchilik', '', 'phrase', 'A1', 10),
('a0000008-0004-4005-8000-000000000001', 'c0000008-0004-4000-8000-000000000001', 'Cool', 'Salqin', '', 'phrase', 'A1', 11),
('a0000008-0004-4005-8000-000000000001', 'c0000008-0004-4000-8000-000000000001', 'Crunch', 'G''ajim oq', '', 'phrase', 'A1', 12),
('a0000008-0004-4005-8000-000000000001', 'c0000008-0004-4000-8000-000000000001', 'Toffee', 'Karamel', '', 'phrase', 'A1', 13),
('a0000008-0004-4005-8000-000000000001', 'c0000008-0004-4000-8000-000000000001', 'Delicious', 'Mazali', '', 'phrase', 'A1', 14),
('a0000008-0004-4005-8000-000000000001', 'c0000008-0004-4000-8000-000000000001', 'Contest', 'Bahs', '', 'phrase', 'A1', 15),
('a0000008-0004-4005-8000-000000000001', 'c0000008-0004-4000-8000-000000000001', 'Smart', 'Aqlli', '', 'phrase', 'A1', 16),
('a0000008-0004-4005-8000-000000000001', 'c0000008-0004-4000-8000-000000000001', 'Coin', 'Tanga', '', 'phrase', 'A1', 17),
('a0000008-0004-4005-8000-000000000001', 'c0000008-0004-4000-8000-000000000001', 'Spoon', 'Qoshiq', '', 'phrase', 'A1', 18),
('a0000008-0004-4005-8000-000000000001', 'c0000008-0004-4000-8000-000000000001', 'Quiet', 'Tinch', '', 'phrase', 'A1', 19),
('a0000008-0004-4005-8000-000000000001', 'c0000008-0004-4000-8000-000000000001', 'Heavy', 'Og''ir', '', 'phrase', 'A1', 20),
('a0000008-0004-4005-8000-000000000001', 'c0000008-0004-4000-8000-000000000001', 'Careful', 'Ehtiyotkor', '', 'phrase', 'A1', 21),
('a0000008-0004-4005-8000-000000000001', 'c0000008-0004-4000-8000-000000000001', 'Perfect', 'Eng zo''r', '', 'phrase', 'A1', 22),
('a0000008-0004-4005-8000-000000000001', 'c0000008-0004-4000-8000-000000000001', 'Special', 'Maxsus', '', 'phrase', 'A1', 23),
('a0000008-0004-4005-8000-000000000001', 'c0000008-0004-4000-8000-000000000001', 'Meet', 'Uchrashmoq', '', 'phrase', 'A1', 24),
('a0000008-0004-4005-8000-000000000001', 'c0000008-0004-4000-8000-000000000001', 'Race', 'Musobaqa', '', 'phrase', 'A1', 25),
('a0000008-0004-4005-8000-000000000001', 'c0000008-0004-4000-8000-000000000001', 'Cheer', 'Ruhlantirmoq', '', 'phrase', 'A1', 26),
('a0000008-0004-4005-8000-000000000001', 'c0000008-0004-4000-8000-000000000001', 'Queue', 'Navbat', '', 'phrase', 'A1', 27);

-- Unit 6 (27 words)
INSERT INTO units (id, collection_id, title, unit_number, word_count)
VALUES ('a0000008-0004-4006-8000-000000000001', 'c0000008-0004-4000-8000-000000000001', 'Unit 6', 6, 27);

INSERT INTO words (unit_id, collection_id, word, translation, example_sentence, word_type, difficulty, word_number) VALUES
('a0000008-0004-4006-8000-000000000001', 'c0000008-0004-4000-8000-000000000001', 'Patient', 'Sabrli', '', 'phrase', 'A1', 1),
('a0000008-0004-4006-8000-000000000001', 'c0000008-0004-4000-8000-000000000001', 'Redden', 'Qizartirmoq', '', 'phrase', 'A1', 2),
('a0000008-0004-4006-8000-000000000001', 'c0000008-0004-4000-8000-000000000001', 'Roar', 'O''kirish; na''ra', '', 'phrase', 'A1', 3),
('a0000008-0004-4006-8000-000000000001', 'c0000008-0004-4000-8000-000000000001', 'Kettle', 'Choynak', '', 'phrase', 'A1', 4),
('a0000008-0004-4006-8000-000000000001', 'c0000008-0004-4000-8000-000000000001', 'Slight', 'Oz; nozik', '', 'phrase', 'A1', 5),
('a0000008-0004-4006-8000-000000000001', 'c0000008-0004-4000-8000-000000000001', 'Fast', 'Tez', '', 'phrase', 'A1', 6),
('a0000008-0004-4006-8000-000000000001', 'c0000008-0004-4000-8000-000000000001', 'Early', 'Erta', '', 'phrase', 'A1', 7),
('a0000008-0004-4006-8000-000000000001', 'c0000008-0004-4000-8000-000000000001', 'Good', 'Yaxshi', '', 'phrase', 'A1', 8),
('a0000008-0004-4006-8000-000000000001', 'c0000008-0004-4000-8000-000000000001', 'Better', 'Yaxshiroq', '', 'phrase', 'A1', 9),
('a0000008-0004-4006-8000-000000000001', 'c0000008-0004-4000-8000-000000000001', 'The best', 'Eng yaxshi', '', 'phrase', 'A1', 10),
('a0000008-0004-4006-8000-000000000001', 'c0000008-0004-4000-8000-000000000001', 'Bad', 'Yomon', '', 'phrase', 'A1', 11),
('a0000008-0004-4006-8000-000000000001', 'c0000008-0004-4000-8000-000000000001', 'Worse', 'Yomonroq', '', 'phrase', 'A1', 12),
('a0000008-0004-4006-8000-000000000001', 'c0000008-0004-4000-8000-000000000001', 'The worst', 'Eng yomon', '', 'phrase', 'A1', 13),
('a0000008-0004-4006-8000-000000000001', 'c0000008-0004-4000-8000-000000000001', 'Well', 'Yaxshi (ravish)', '', 'phrase', 'A1', 14),
('a0000008-0004-4006-8000-000000000001', 'c0000008-0004-4000-8000-000000000001', 'Positive', 'Oddiy', '', 'phrase', 'A1', 15),
('a0000008-0004-4006-8000-000000000001', 'c0000008-0004-4000-8000-000000000001', 'Comparative', 'Qiyosiy', '', 'phrase', 'A1', 16),
('a0000008-0004-4006-8000-000000000001', 'c0000008-0004-4000-8000-000000000001', 'Superlative', 'Orttirma', '', 'phrase', 'A1', 17),
('a0000008-0004-4006-8000-000000000001', 'c0000008-0004-4000-8000-000000000001', 'Degree', 'Daraja', '', 'phrase', 'A1', 18),
('a0000008-0004-4006-8000-000000000001', 'c0000008-0004-4000-8000-000000000001', 'Further', '1-uzoq; 2-qo''shimcha', '', 'phrase', 'A1', 19),
('a0000008-0004-4006-8000-000000000001', 'c0000008-0004-4000-8000-000000000001', 'Pianist', 'Pianinochi', '', 'phrase', 'A1', 20),
('a0000008-0004-4006-8000-000000000001', 'c0000008-0004-4000-8000-000000000001', 'Spend', 'Sarflamoq', '', 'phrase', 'A1', 21),
('a0000008-0004-4006-8000-000000000001', 'c0000008-0004-4000-8000-000000000001', 'Pullover', 'Kiyim', '', 'phrase', 'A1', 22),
('a0000008-0004-4006-8000-000000000001', 'c0000008-0004-4000-8000-000000000001', 'Anniversary', 'Yillik', '', 'phrase', 'A1', 23),
('a0000008-0004-4006-8000-000000000001', 'c0000008-0004-4000-8000-000000000001', 'Lamppost', 'Ko''cha fonari', '', 'phrase', 'A1', 24),
('a0000008-0004-4006-8000-000000000001', 'c0000008-0004-4000-8000-000000000001', 'Grandson', 'Nevara o''g''il', '', 'phrase', 'A1', 25),
('a0000008-0004-4006-8000-000000000001', 'c0000008-0004-4000-8000-000000000001', 'Progress', 'O''sish', '', 'phrase', 'A1', 26),
('a0000008-0004-4006-8000-000000000001', 'c0000008-0004-4000-8000-000000000001', 'Message', 'SMS', '', 'phrase', 'A1', 27);

-- Unit 7 (27 words)
INSERT INTO units (id, collection_id, title, unit_number, word_count)
VALUES ('a0000008-0004-4007-8000-000000000001', 'c0000008-0004-4000-8000-000000000001', 'Unit 7', 7, 27);

INSERT INTO words (unit_id, collection_id, word, translation, example_sentence, word_type, difficulty, word_number) VALUES
('a0000008-0004-4007-8000-000000000001', 'c0000008-0004-4000-8000-000000000001', 'Roast', 'Qizdirilgan', '', 'phrase', 'A1', 1),
('a0000008-0004-4007-8000-000000000001', 'c0000008-0004-4000-8000-000000000001', 'Scare', 'Qo''rqitmoq', '', 'phrase', 'A1', 2),
('a0000008-0004-4007-8000-000000000001', 'c0000008-0004-4000-8000-000000000001', 'Ladder', 'Narvon', '', 'phrase', 'A1', 3),
('a0000008-0004-4007-8000-000000000001', 'c0000008-0004-4000-8000-000000000001', 'Vase', 'Vaza', '', 'phrase', 'A1', 4),
('a0000008-0004-4007-8000-000000000001', 'c0000008-0004-4000-8000-000000000001', 'Elegant', 'Nafis; zebo; go''zal', '', 'phrase', 'A1', 5),
('a0000008-0004-4007-8000-000000000001', 'c0000008-0004-4000-8000-000000000001', 'Price', 'Narx', '', 'phrase', 'A1', 6),
('a0000008-0004-4007-8000-000000000001', 'c0000008-0004-4000-8000-000000000001', 'Speed', 'Tezlik', '', 'phrase', 'A1', 7),
('a0000008-0004-4007-8000-000000000001', 'c0000008-0004-4000-8000-000000000001', 'Medium', 'O''rtacha', '', 'phrase', 'A1', 8),
('a0000008-0004-4007-8000-000000000001', 'c0000008-0004-4000-8000-000000000001', 'Petrol', 'Benzin', '', 'phrase', 'A1', 9),
('a0000008-0004-4007-8000-000000000001', 'c0000008-0004-4000-8000-000000000001', 'Average', 'O''rtacha', '', 'phrase', 'A1', 10),
('a0000008-0004-4007-8000-000000000001', 'c0000008-0004-4000-8000-000000000001', 'Low', 'Past', '', 'phrase', 'A1', 11),
('a0000008-0004-4007-8000-000000000001', 'c0000008-0004-4000-8000-000000000001', 'Violin', 'Skripka', '', 'phrase', 'A1', 12),
('a0000008-0004-4007-8000-000000000001', 'c0000008-0004-4000-8000-000000000001', 'Ferry', 'Yassi kema', '', 'phrase', 'A1', 13),
('a0000008-0004-4007-8000-000000000001', 'c0000008-0004-4000-8000-000000000001', 'Coach', 'Avtobus', '', 'phrase', 'A1', 14),
('a0000008-0004-4007-8000-000000000001', 'c0000008-0004-4000-8000-000000000001', 'Consumption', 'Xarajat qilmoq', '', 'phrase', 'A1', 15),
('a0000008-0004-4007-8000-000000000001', 'c0000008-0004-4000-8000-000000000001', 'Pocket', 'Kissa', '', 'phrase', 'A1', 16),
('a0000008-0004-4007-8000-000000000001', 'c0000008-0004-4000-8000-000000000001', 'Irritation', 'Jahlini chiqarish', '', 'phrase', 'A1', 17),
('a0000008-0004-4007-8000-000000000001', 'c0000008-0004-4000-8000-000000000001', 'Anger', 'Jahl', '', 'phrase', 'A1', 18),
('a0000008-0004-4007-8000-000000000001', 'c0000008-0004-4000-8000-000000000001', 'Explanation', 'Tushuntirish', '', 'phrase', 'A1', 19),
('a0000008-0004-4007-8000-000000000001', 'c0000008-0004-4000-8000-000000000001', 'Criticism', 'Tanqid', '', 'phrase', 'A1', 20),
('a0000008-0004-4007-8000-000000000001', 'c0000008-0004-4000-8000-000000000001', 'Duration', 'Davom etish', '', 'phrase', 'A1', 21),
('a0000008-0004-4007-8000-000000000001', 'c0000008-0004-4000-8000-000000000001', 'Decorate', 'Bezamoq', '', 'phrase', 'A1', 22),
('a0000008-0004-4007-8000-000000000001', 'c0000008-0004-4000-8000-000000000001', 'Preparation', 'Tayyorgarlik', '', 'phrase', 'A1', 23),
('a0000008-0004-4007-8000-000000000001', 'c0000008-0004-4000-8000-000000000001', 'Snack', 'Tamaddi', '', 'phrase', 'A1', 24),
('a0000008-0004-4007-8000-000000000001', 'c0000008-0004-4000-8000-000000000001', 'Mop', 'Pol yuvgich', '', 'phrase', 'A1', 25),
('a0000008-0004-4007-8000-000000000001', 'c0000008-0004-4000-8000-000000000001', 'Hoover', 'Chang yutgich', '', 'phrase', 'A1', 26),
('a0000008-0004-4007-8000-000000000001', 'c0000008-0004-4000-8000-000000000001', 'Alarm', 'Budilnik', '', 'phrase', 'A1', 27);

-- Unit 8 (27 words)
INSERT INTO units (id, collection_id, title, unit_number, word_count)
VALUES ('a0000008-0004-4008-8000-000000000001', 'c0000008-0004-4000-8000-000000000001', 'Unit 8', 8, 27);

INSERT INTO words (unit_id, collection_id, word, translation, example_sentence, word_type, difficulty, word_number) VALUES
('a0000008-0004-4008-8000-000000000001', 'c0000008-0004-4000-8000-000000000001', 'Luggage', 'Yuk', '', 'phrase', 'A1', 1),
('a0000008-0004-4008-8000-000000000001', 'c0000008-0004-4000-8000-000000000001', 'Reception', 'Qabulxona', '', 'phrase', 'A1', 2),
('a0000008-0004-4008-8000-000000000001', 'c0000008-0004-4000-8000-000000000001', 'Slip', 'Sirg''anmoq', '', 'phrase', 'A1', 3),
('a0000008-0004-4008-8000-000000000001', 'c0000008-0004-4000-8000-000000000001', 'Appear', 'Bo''lib tuyulmoq', '', 'phrase', 'A1', 4),
('a0000008-0004-4008-8000-000000000001', 'c0000008-0004-4000-8000-000000000001', 'Smell', 'Hid taratmoq', '', 'phrase', 'A1', 5),
('a0000008-0004-4008-8000-000000000001', 'c0000008-0004-4000-8000-000000000001', 'Sunbathe', 'Quyoshda qorayish', '', 'phrase', 'A1', 6),
('a0000008-0004-4008-8000-000000000001', 'c0000008-0004-4000-8000-000000000001', 'Evil', 'Yovuz', '', 'phrase', 'A1', 7),
('a0000008-0004-4008-8000-000000000001', 'c0000008-0004-4000-8000-000000000001', 'Shake', 'Silkitmoq', '', 'phrase', 'A1', 8),
('a0000008-0004-4008-8000-000000000001', 'c0000008-0004-4000-8000-000000000001', 'Burn', 'Kuydirmoq', '', 'phrase', 'A1', 9),
('a0000008-0004-4008-8000-000000000001', 'c0000008-0004-4000-8000-000000000001', 'Palm', 'Palma', '', 'phrase', 'A1', 10),
('a0000008-0004-4008-8000-000000000001', 'c0000008-0004-4000-8000-000000000001', 'Hurt', 'Og''riq', '', 'phrase', 'A1', 11),
('a0000008-0004-4008-8000-000000000001', 'c0000008-0004-4000-8000-000000000001', 'Alone', 'Yolg''iz', '', 'phrase', 'A1', 12),
('a0000008-0004-4008-8000-000000000001', 'c0000008-0004-4000-8000-000000000001', 'Handbag', 'Qo''l sumkasi', '', 'phrase', 'A1', 13),
('a0000008-0004-4008-8000-000000000001', 'c0000008-0004-4000-8000-000000000001', 'Frighten', 'Qo''rqitmoq', '', 'phrase', 'A1', 14),
('a0000008-0004-4008-8000-000000000001', 'c0000008-0004-4000-8000-000000000001', 'Experience', 'Tajriba; sinov', '', 'phrase', 'A1', 15),
('a0000008-0004-4008-8000-000000000001', 'c0000008-0004-4000-8000-000000000001', 'Cuisine', 'Oshxona', '', 'phrase', 'A1', 16),
('a0000008-0004-4008-8000-000000000001', 'c0000008-0004-4000-8000-000000000001', 'Sunbath', 'Quyoshda qorayish', '', 'phrase', 'A1', 17),
('a0000008-0004-4008-8000-000000000001', 'c0000008-0004-4000-8000-000000000001', 'Sightseeing', 'Ko''rinish', '', 'phrase', 'A1', 18),
('a0000008-0004-4008-8000-000000000001', 'c0000008-0004-4000-8000-000000000001', 'Visible', 'Ko''zga ko''rinadigan', '', 'phrase', 'A1', 19),
('a0000008-0004-4008-8000-000000000001', 'c0000008-0004-4000-8000-000000000001', 'Flavor', 'Ta''m; maza', '', 'phrase', 'A1', 20),
('a0000008-0004-4008-8000-000000000001', 'c0000008-0004-4000-8000-000000000001', 'Rude', 'Qo''pol', '', 'phrase', 'A1', 21),
('a0000008-0004-4008-8000-000000000001', 'c0000008-0004-4000-8000-000000000001', 'Lock', 'Qulf', '', 'phrase', 'A1', 22),
('a0000008-0004-4008-8000-000000000001', 'c0000008-0004-4000-8000-000000000001', 'Toothache', 'Tish og''rig''i', '', 'phrase', 'A1', 23),
('a0000008-0004-4008-8000-000000000001', 'c0000008-0004-4000-8000-000000000001', 'Headache', 'Bosh og''rig''i', '', 'phrase', 'A1', 24),
('a0000008-0004-4008-8000-000000000001', 'c0000008-0004-4000-8000-000000000001', 'Stomachache', 'Oshqozon og''rig''i', '', 'phrase', 'A1', 25),
('a0000008-0004-4008-8000-000000000001', 'c0000008-0004-4000-8000-000000000001', 'Trip', 'Sayohat', '', 'phrase', 'A1', 26),
('a0000008-0004-4008-8000-000000000001', 'c0000008-0004-4000-8000-000000000001', 'Taste', 'Ta''m', '', 'phrase', 'A1', 27);

-- Unit 9 (27 words)
INSERT INTO units (id, collection_id, title, unit_number, word_count)
VALUES ('a0000008-0004-4009-8000-000000000001', 'c0000008-0004-4000-8000-000000000001', 'Unit 9', 9, 27);

INSERT INTO words (unit_id, collection_id, word, translation, example_sentence, word_type, difficulty, word_number) VALUES
('a0000008-0004-4009-8000-000000000001', 'c0000008-0004-4000-8000-000000000001', 'Sauce', 'Sous', '', 'phrase', 'A1', 1),
('a0000008-0004-4009-8000-000000000001', 'c0000008-0004-4000-8000-000000000001', 'Smell', 'Hid', '', 'phrase', 'A1', 2),
('a0000008-0004-4009-8000-000000000001', 'c0000008-0004-4000-8000-000000000001', 'Trouble', 'Muammo', '', 'phrase', 'A1', 3),
('a0000008-0004-4009-8000-000000000001', 'c0000008-0004-4000-8000-000000000001', 'Relieve', 'Yengillashtirmoq', '', 'phrase', 'A1', 4),
('a0000008-0004-4009-8000-000000000001', 'c0000008-0004-4000-8000-000000000001', 'Spicy', 'Achchiq; issiq', '', 'phrase', 'A1', 5),
('a0000008-0004-4009-8000-000000000001', 'c0000008-0004-4000-8000-000000000001', 'Novel', 'Roman', '', 'phrase', 'A1', 6),
('a0000008-0004-4009-8000-000000000001', 'c0000008-0004-4000-8000-000000000001', 'Furniture', 'Mebel', '', 'phrase', 'A1', 7),
('a0000008-0004-4009-8000-000000000001', 'c0000008-0004-4000-8000-000000000001', 'Far', 'Uzoq', '', 'phrase', 'A1', 8),
('a0000008-0004-4009-8000-000000000001', 'c0000008-0004-4000-8000-000000000001', 'Recently', 'Yaqinda', '', 'phrase', 'A1', 9),
('a0000008-0004-4009-8000-000000000001', 'c0000008-0004-4000-8000-000000000001', 'Pray', 'Ibodat', '', 'phrase', 'A1', 10),
('a0000008-0004-4009-8000-000000000001', 'c0000008-0004-4000-8000-000000000001', 'Annoy', 'Bezovta bo''lmoq', '', 'phrase', 'A1', 11),
('a0000008-0004-4009-8000-000000000001', 'c0000008-0004-4000-8000-000000000001', 'Destroy', 'Buzmoq', '', 'phrase', 'A1', 12),
('a0000008-0004-4009-8000-000000000001', 'c0000008-0004-4000-8000-000000000001', 'Beg', 'Yolvormoq', '', 'phrase', 'A1', 13),
('a0000008-0004-4009-8000-000000000001', 'c0000008-0004-4000-8000-000000000001', 'Tip', 'Cho''qqi', '', 'phrase', 'A1', 14),
('a0000008-0004-4009-8000-000000000001', 'c0000008-0004-4000-8000-000000000001', 'Empty', 'Bo''sh', '', 'phrase', 'A1', 15),
('a0000008-0004-4009-8000-000000000001', 'c0000008-0004-4000-8000-000000000001', 'Fry', 'Qovurilgan', '', 'phrase', 'A1', 16),
('a0000008-0004-4009-8000-000000000001', 'c0000008-0004-4000-8000-000000000001', 'Invite', 'Taklif qilmoq', '', 'phrase', 'A1', 17),
('a0000008-0004-4009-8000-000000000001', 'c0000008-0004-4000-8000-000000000001', 'Invent', 'Kashf qilmoq', '', 'phrase', 'A1', 18),
('a0000008-0004-4009-8000-000000000001', 'c0000008-0004-4000-8000-000000000001', 'Flight', 'Uchish', '', 'phrase', 'A1', 19),
('a0000008-0004-4009-8000-000000000001', 'c0000008-0004-4000-8000-000000000001', 'Astronaut', 'Kosmonavt', '', 'phrase', 'A1', 20),
('a0000008-0004-4009-8000-000000000001', 'c0000008-0004-4000-8000-000000000001', 'Outer', 'Tashqi; chetki', '', 'phrase', 'A1', 21),
('a0000008-0004-4009-8000-000000000001', 'c0000008-0004-4000-8000-000000000001', 'Polonium', 'Polonium (kim. element)', '', 'phrase', 'A1', 22),
('a0000008-0004-4009-8000-000000000001', 'c0000008-0004-4000-8000-000000000001', 'Talented', 'Iste''dodli', '', 'phrase', 'A1', 23),
('a0000008-0004-4009-8000-000000000001', 'c0000008-0004-4000-8000-000000000001', 'Band', 'Guruh', '', 'phrase', 'A1', 24),
('a0000008-0004-4009-8000-000000000001', 'c0000008-0004-4000-8000-000000000001', 'Souvenir', 'Sovenir', '', 'phrase', 'A1', 25),
('a0000008-0004-4009-8000-000000000001', 'c0000008-0004-4000-8000-000000000001', 'Harbor', 'Port', '', 'phrase', 'A1', 26),
('a0000008-0004-4009-8000-000000000001', 'c0000008-0004-4000-8000-000000000001', 'Coaster', 'Qirg''oq', '', 'phrase', 'A1', 27);

-- Unit 10 (27 words)
INSERT INTO units (id, collection_id, title, unit_number, word_count)
VALUES ('a0000008-0004-4010-8000-000000000001', 'c0000008-0004-4000-8000-000000000001', 'Unit 10', 10, 27);

INSERT INTO words (unit_id, collection_id, word, translation, example_sentence, word_type, difficulty, word_number) VALUES
('a0000008-0004-4010-8000-000000000001', 'c0000008-0004-4000-8000-000000000001', 'Hairdresser', 'Sartarosh', '', 'phrase', 'A1', 1),
('a0000008-0004-4010-8000-000000000001', 'c0000008-0004-4000-8000-000000000001', 'Hairstyle', 'Soch turmak', '', 'phrase', 'A1', 2),
('a0000008-0004-4010-8000-000000000001', 'c0000008-0004-4000-8000-000000000001', 'Hospital', 'Kasalxona', '', 'phrase', 'A1', 3),
('a0000008-0004-4010-8000-000000000001', 'c0000008-0004-4000-8000-000000000001', 'A bit', 'Biroz', '', 'phrase', 'A1', 4),
('a0000008-0004-4010-8000-000000000001', 'c0000008-0004-4000-8000-000000000001', 'Popular', 'Mashhur', '', 'phrase', 'A1', 5),
('a0000008-0004-4010-8000-000000000001', 'c0000008-0004-4000-8000-000000000001', 'Explorer', 'Kashfiyotchi', '', 'phrase', 'A1', 6),
('a0000008-0004-4010-8000-000000000001', 'c0000008-0004-4000-8000-000000000001', 'Government', 'Hukumat', '', 'phrase', 'A1', 7),
('a0000008-0004-4010-8000-000000000001', 'c0000008-0004-4000-8000-000000000001', 'National', 'Milliy', '', 'phrase', 'A1', 8),
('a0000008-0004-4010-8000-000000000001', 'c0000008-0004-4000-8000-000000000001', 'Helpful', 'Foydali', '', 'phrase', 'A1', 9),
('a0000008-0004-4010-8000-000000000001', 'c0000008-0004-4000-8000-000000000001', 'Riverboat', 'Qayiq', '', 'phrase', 'A1', 10),
('a0000008-0004-4010-8000-000000000001', 'c0000008-0004-4000-8000-000000000001', 'Helicopter', 'Vertolyot', '', 'phrase', 'A1', 11),
('a0000008-0004-4010-8000-000000000001', 'c0000008-0004-4000-8000-000000000001', 'Pasta', 'Makaron', '', 'phrase', 'A1', 12),
('a0000008-0004-4010-8000-000000000001', 'c0000008-0004-4000-8000-000000000001', 'Again', 'Yana', '', 'phrase', 'A1', 13),
('a0000008-0004-4010-8000-000000000001', 'c0000008-0004-4000-8000-000000000001', 'Dead', 'O''lgan', '', 'phrase', 'A1', 14),
('a0000008-0004-4010-8000-000000000001', 'c0000008-0004-4000-8000-000000000001', 'Experience', 'Tajriba', '', 'phrase', 'A1', 15),
('a0000008-0004-4010-8000-000000000001', 'c0000008-0004-4000-8000-000000000001', 'Skydiving', 'Suvga jimjitlik', '', 'phrase', 'A1', 16),
('a0000008-0004-4010-8000-000000000001', 'c0000008-0004-4000-8000-000000000001', 'Alive', 'Tirik', '', 'phrase', 'A1', 17),
('a0000008-0004-4010-8000-000000000001', 'c0000008-0004-4000-8000-000000000001', 'Discuss', 'Muhokama qilmoq', '', 'phrase', 'A1', 18),
('a0000008-0004-4010-8000-000000000001', 'c0000008-0004-4000-8000-000000000001', 'Type', 'Harf termoq', '', 'phrase', 'A1', 19),
('a0000008-0004-4010-8000-000000000001', 'c0000008-0004-4000-8000-000000000001', 'Annoy', 'Bezovta qilmoq', '', 'phrase', 'A1', 20),
('a0000008-0004-4010-8000-000000000001', 'c0000008-0004-4000-8000-000000000001', 'Destroy', 'Buzmoq', '', 'phrase', 'A1', 21),
('a0000008-0004-4010-8000-000000000001', 'c0000008-0004-4000-8000-000000000001', 'Pray', 'Duo qilmoq', '', 'phrase', 'A1', 22),
('a0000008-0004-4010-8000-000000000001', 'c0000008-0004-4000-8000-000000000001', 'Beg', 'Yolvormoq', '', 'phrase', 'A1', 23),
('a0000008-0004-4010-8000-000000000001', 'c0000008-0004-4000-8000-000000000001', 'Tip', 'Uch', '', 'phrase', 'A1', 24),
('a0000008-0004-4010-8000-000000000001', 'c0000008-0004-4000-8000-000000000001', 'Empty', 'Bo''sh', '', 'phrase', 'A1', 25),
('a0000008-0004-4010-8000-000000000001', 'c0000008-0004-4000-8000-000000000001', 'Add', 'Qo''shmoq', '', 'phrase', 'A1', 26),
('a0000008-0004-4010-8000-000000000001', 'c0000008-0004-4000-8000-000000000001', 'Need', 'Muhtoj bo''lmoq', '', 'phrase', 'A1', 27);

-- Unit 11 (27 words)
INSERT INTO units (id, collection_id, title, unit_number, word_count)
VALUES ('a0000008-0004-4011-8000-000000000001', 'c0000008-0004-4000-8000-000000000001', 'Unit 11', 11, 27);

INSERT INTO words (unit_id, collection_id, word, translation, example_sentence, word_type, difficulty, word_number) VALUES
('a0000008-0004-4011-8000-000000000001', 'c0000008-0004-4000-8000-000000000001', 'Count', 'Sanamoq', '', 'phrase', 'A1', 1),
('a0000008-0004-4011-8000-000000000001', 'c0000008-0004-4000-8000-000000000001', 'Marry', 'Turmush qurmoq', '', 'phrase', 'A1', 2),
('a0000008-0004-4011-8000-000000000001', 'c0000008-0004-4000-8000-000000000001', 'Invite', 'Taklif qilmoq', '', 'phrase', 'A1', 3),
('a0000008-0004-4011-8000-000000000001', 'c0000008-0004-4000-8000-000000000001', 'Laugh', 'Kulgu', '', 'phrase', 'A1', 4),
('a0000008-0004-4011-8000-000000000001', 'c0000008-0004-4000-8000-000000000001', 'Kiss', 'Bo''sa', '', 'phrase', 'A1', 5),
('a0000008-0004-4011-8000-000000000001', 'c0000008-0004-4000-8000-000000000001', 'Invent', 'Kashf qilmoq', '', 'phrase', 'A1', 6),
('a0000008-0004-4011-8000-000000000001', 'c0000008-0004-4000-8000-000000000001', 'Become', 'Bo''lmoq', '', 'phrase', 'A1', 7),
('a0000008-0004-4011-8000-000000000001', 'c0000008-0004-4000-8000-000000000001', 'Discover', 'Kashf qilmoq', '', 'phrase', 'A1', 8),
('a0000008-0004-4011-8000-000000000001', 'c0000008-0004-4000-8000-000000000001', 'Spend', 'Sarflamoq', '', 'phrase', 'A1', 9),
('a0000008-0004-4011-8000-000000000001', 'c0000008-0004-4000-8000-000000000001', 'Catch', 'Tutmoq', '', 'phrase', 'A1', 10),
('a0000008-0004-4011-8000-000000000001', 'c0000008-0004-4000-8000-000000000001', 'Hairdresser', 'Sartarosh', '', 'phrase', 'A1', 11),
('a0000008-0004-4011-8000-000000000001', 'c0000008-0004-4000-8000-000000000001', 'Hospital', 'Kasalxona', '', 'phrase', 'A1', 12),
('a0000008-0004-4011-8000-000000000001', 'c0000008-0004-4000-8000-000000000001', 'Jogging', 'Sekin yugurmoq', '', 'phrase', 'A1', 13),
('a0000008-0004-4011-8000-000000000001', 'c0000008-0004-4000-8000-000000000001', 'Popular', 'Mashhur', '', 'phrase', 'A1', 14),
('a0000008-0004-4011-8000-000000000001', 'c0000008-0004-4000-8000-000000000001', 'Attraction', 'Joziba', '', 'phrase', 'A1', 15),
('a0000008-0004-4011-8000-000000000001', 'c0000008-0004-4000-8000-000000000001', 'Explorer', 'Tadqiqotchi', '', 'phrase', 'A1', 16),
('a0000008-0004-4011-8000-000000000001', 'c0000008-0004-4000-8000-000000000001', 'Fall', 'Yiqilmoq', '', 'phrase', 'A1', 17),
('a0000008-0004-4011-8000-000000000001', 'c0000008-0004-4000-8000-000000000001', 'Government', 'Hukumat', '', 'phrase', 'A1', 18),
('a0000008-0004-4011-8000-000000000001', 'c0000008-0004-4000-8000-000000000001', 'National', 'Milliy', '', 'phrase', 'A1', 19),
('a0000008-0004-4011-8000-000000000001', 'c0000008-0004-4000-8000-000000000001', 'Protect', 'Muhofaza qilmoq', '', 'phrase', 'A1', 20),
('a0000008-0004-4011-8000-000000000001', 'c0000008-0004-4000-8000-000000000001', 'Wild', 'Yovvoyi', '', 'phrase', 'A1', 21),
('a0000008-0004-4011-8000-000000000001', 'c0000008-0004-4000-8000-000000000001', 'Bridge', 'Ko''prik', '', 'phrase', 'A1', 22),
('a0000008-0004-4011-8000-000000000001', 'c0000008-0004-4000-8000-000000000001', 'Twice', 'Ikki marta', '', 'phrase', 'A1', 23),
('a0000008-0004-4011-8000-000000000001', 'c0000008-0004-4000-8000-000000000001', 'Famous', 'Mashhur', '', 'phrase', 'A1', 24),
('a0000008-0004-4011-8000-000000000001', 'c0000008-0004-4000-8000-000000000001', 'Plant', 'O''simlik', '', 'phrase', 'A1', 25),
('a0000008-0004-4011-8000-000000000001', 'c0000008-0004-4000-8000-000000000001', 'Couple', 'Juft', '', 'phrase', 'A1', 26),
('a0000008-0004-4011-8000-000000000001', 'c0000008-0004-4000-8000-000000000001', 'Exotic', 'G''ayriodatiy', '', 'phrase', 'A1', 27);

-- Unit 12 (27 words)
INSERT INTO units (id, collection_id, title, unit_number, word_count)
VALUES ('a0000008-0004-4012-8000-000000000001', 'c0000008-0004-4000-8000-000000000001', 'Unit 12', 12, 27);

INSERT INTO words (unit_id, collection_id, word, translation, example_sentence, word_type, difficulty, word_number) VALUES
('a0000008-0004-4012-8000-000000000001', 'c0000008-0004-4000-8000-000000000001', 'Helicopter', 'Vertolyot', '', 'phrase', 'A1', 1),
('a0000008-0004-4012-8000-000000000001', 'c0000008-0004-4000-8000-000000000001', 'Coast', 'Qirg''oq', '', 'phrase', 'A1', 2),
('a0000008-0004-4012-8000-000000000001', 'c0000008-0004-4000-8000-000000000001', 'Haunt', 'Tez-tez borib turmoq', '', 'phrase', 'A1', 3),
('a0000008-0004-4012-8000-000000000001', 'c0000008-0004-4000-8000-000000000001', 'Pass', 'O''tmoq', '', 'phrase', 'A1', 4),
('a0000008-0004-4012-8000-000000000001', 'c0000008-0004-4000-8000-000000000001', 'Huge', 'Keng', '', 'phrase', 'A1', 5),
('a0000008-0004-4012-8000-000000000001', 'c0000008-0004-4000-8000-000000000001', 'Careful', 'Ehtiyotkor', '', 'phrase', 'A1', 6),
('a0000008-0004-4012-8000-000000000001', 'c0000008-0004-4000-8000-000000000001', 'Slow', 'Sekin', '', 'phrase', 'A1', 7),
('a0000008-0004-4012-8000-000000000001', 'c0000008-0004-4000-8000-000000000001', 'Fast', 'Tez', '', 'phrase', 'A1', 8),
('a0000008-0004-4012-8000-000000000001', 'c0000008-0004-4000-8000-000000000001', 'Terrible', 'Dahshatli', '', 'phrase', 'A1', 9),
('a0000008-0004-4012-8000-000000000001', 'c0000008-0004-4000-8000-000000000001', 'Size', 'Razmer', '', 'phrase', 'A1', 10),
('a0000008-0004-4012-8000-000000000001', 'c0000008-0004-4000-8000-000000000001', 'Pay', 'To''lamoq', '', 'phrase', 'A1', 11),
('a0000008-0004-4012-8000-000000000001', 'c0000008-0004-4000-8000-000000000001', 'Attention', 'E''tibor', '', 'phrase', 'A1', 12),
('a0000008-0004-4012-8000-000000000001', 'c0000008-0004-4000-8000-000000000001', 'Road', 'Yo''l', '', 'phrase', 'A1', 13),
('a0000008-0004-4012-8000-000000000001', 'c0000008-0004-4000-8000-000000000001', 'Sign', 'Belgi', '', 'phrase', 'A1', 14),
('a0000008-0004-4012-8000-000000000001', 'c0000008-0004-4000-8000-000000000001', 'Human', 'Inson', '', 'phrase', 'A1', 15),
('a0000008-0004-4012-8000-000000000001', 'c0000008-0004-4000-8000-000000000001', 'Sound', 'Ovoz', '', 'phrase', 'A1', 16),
('a0000008-0004-4012-8000-000000000001', 'c0000008-0004-4000-8000-000000000001', 'Whale', 'Kit', '', 'phrase', 'A1', 17),
('a0000008-0004-4012-8000-000000000001', 'c0000008-0004-4000-8000-000000000001', 'Peaceful', 'Tinchliksevar', '', 'phrase', 'A1', 18),
('a0000008-0004-4012-8000-000000000001', 'c0000008-0004-4000-8000-000000000001', 'Area', 'Hudud', '', 'phrase', 'A1', 19),
('a0000008-0004-4012-8000-000000000001', 'c0000008-0004-4000-8000-000000000001', 'Neighborhood', 'Qo''shni', '', 'phrase', 'A1', 20),
('a0000008-0004-4012-8000-000000000001', 'c0000008-0004-4000-8000-000000000001', 'Necklace', 'Marjon; shoda', '', 'phrase', 'A1', 21),
('a0000008-0004-4012-8000-000000000001', 'c0000008-0004-4000-8000-000000000001', 'Ring', 'Uzuk', '', 'phrase', 'A1', 22),
('a0000008-0004-4012-8000-000000000001', 'c0000008-0004-4000-8000-000000000001', 'Earring', 'Sirg''a', '', 'phrase', 'A1', 23),
('a0000008-0004-4012-8000-000000000001', 'c0000008-0004-4000-8000-000000000001', 'Heavy', 'Og''ir', '', 'phrase', 'A1', 24),
('a0000008-0004-4012-8000-000000000001', 'c0000008-0004-4000-8000-000000000001', 'Dangerous', 'Xavfli', '', 'phrase', 'A1', 25),
('a0000008-0004-4012-8000-000000000001', 'c0000008-0004-4000-8000-000000000001', 'Fierce', 'Yovuz; yirtqich', '', 'phrase', 'A1', 26),
('a0000008-0004-4012-8000-000000000001', 'c0000008-0004-4000-8000-000000000001', 'Comfortable', 'Qulay', '', 'phrase', 'A1', 27);

-- Unit 13 (27 words)
INSERT INTO units (id, collection_id, title, unit_number, word_count)
VALUES ('a0000008-0004-4013-8000-000000000001', 'c0000008-0004-4000-8000-000000000001', 'Unit 13', 13, 27);

INSERT INTO words (unit_id, collection_id, word, translation, example_sentence, word_type, difficulty, word_number) VALUES
('a0000008-0004-4013-8000-000000000001', 'c0000008-0004-4000-8000-000000000001', 'Seat', 'O''rindiq', '', 'phrase', 'A1', 1),
('a0000008-0004-4013-8000-000000000001', 'c0000008-0004-4000-8000-000000000001', 'Row', 'Qator', '', 'phrase', 'A1', 2),
('a0000008-0004-4013-8000-000000000001', 'c0000008-0004-4000-8000-000000000001', 'Promise', 'Va''da bermoq', '', 'phrase', 'A1', 3),
('a0000008-0004-4013-8000-000000000001', 'c0000008-0004-4000-8000-000000000001', 'Pleasure', 'Rohat', '', 'phrase', 'A1', 4),
('a0000008-0004-4013-8000-000000000001', 'c0000008-0004-4000-8000-000000000001', 'Tail', 'Dum', '', 'phrase', 'A1', 5),
('a0000008-0004-4013-8000-000000000001', 'c0000008-0004-4000-8000-000000000001', 'Traffic', 'Chorrahadagi tiqilinch', '', 'phrase', 'A1', 6),
('a0000008-0004-4013-8000-000000000001', 'c0000008-0004-4000-8000-000000000001', 'Borrow', 'Qarz olmoq', '', 'phrase', 'A1', 7),
('a0000008-0004-4013-8000-000000000001', 'c0000008-0004-4000-8000-000000000001', 'Too', 'Ham', '', 'phrase', 'A1', 8),
('a0000008-0004-4013-8000-000000000001', 'c0000008-0004-4000-8000-000000000001', 'Enough', 'Yetarli', '', 'phrase', 'A1', 9),
('a0000008-0004-4013-8000-000000000001', 'c0000008-0004-4000-8000-000000000001', 'Lend', 'Qarz bermoq', '', 'phrase', 'A1', 10),
('a0000008-0004-4013-8000-000000000001', 'c0000008-0004-4000-8000-000000000001', 'Jar', 'Ko''za', '', 'phrase', 'A1', 11),
('a0000008-0004-4013-8000-000000000001', 'c0000008-0004-4000-8000-000000000001', 'Entertain', 'Ko''ngilochar', '', 'phrase', 'A1', 12),
('a0000008-0004-4013-8000-000000000001', 'c0000008-0004-4000-8000-000000000001', 'Loyal', 'Sodiq', '', 'phrase', 'A1', 13),
('a0000008-0004-4013-8000-000000000001', 'c0000008-0004-4000-8000-000000000001', 'Snowstorm', 'Qor bo''ron', '', 'phrase', 'A1', 14),
('a0000008-0004-4013-8000-000000000001', 'c0000008-0004-4000-8000-000000000001', 'Worry', 'Ogohlantirmoq', '', 'phrase', 'A1', 15),
('a0000008-0004-4013-8000-000000000001', 'c0000008-0004-4000-8000-000000000001', 'Nightclothes', 'Tungi kiyimlar', '', 'phrase', 'A1', 16),
('a0000008-0004-4013-8000-000000000001', 'c0000008-0004-4000-8000-000000000001', 'Hope', 'Umid qilmoq', '', 'phrase', 'A1', 17),
('a0000008-0004-4013-8000-000000000001', 'c0000008-0004-4000-8000-000000000001', 'Fear', 'Qo''rqinch', '', 'phrase', 'A1', 18),
('a0000008-0004-4013-8000-000000000001', 'c0000008-0004-4000-8000-000000000001', 'Threat', 'Po''pisa', '', 'phrase', 'A1', 19),
('a0000008-0004-4013-8000-000000000001', 'c0000008-0004-4000-8000-000000000001', 'Decision', 'Qaror', '', 'phrase', 'A1', 20),
('a0000008-0004-4013-8000-000000000001', 'c0000008-0004-4000-8000-000000000001', 'Offer', 'Taklif qilmoq', '', 'phrase', 'A1', 21),
('a0000008-0004-4013-8000-000000000001', 'c0000008-0004-4000-8000-000000000001', 'Warning', 'Ogohlantirish', '', 'phrase', 'A1', 22),
('a0000008-0004-4013-8000-000000000001', 'c0000008-0004-4000-8000-000000000001', 'Prediction', 'Bashorot', '', 'phrase', 'A1', 23),
('a0000008-0004-4013-8000-000000000001', 'c0000008-0004-4000-8000-000000000001', 'Comment', 'Sharh; izoh', '', 'phrase', 'A1', 24),
('a0000008-0004-4013-8000-000000000001', 'c0000008-0004-4000-8000-000000000001', 'Believe', 'Ishonmoq', '', 'phrase', 'A1', 25),
('a0000008-0004-4013-8000-000000000001', 'c0000008-0004-4000-8000-000000000001', 'Afraid', 'Qo''rqmoq', '', 'phrase', 'A1', 26),
('a0000008-0004-4013-8000-000000000001', 'c0000008-0004-4000-8000-000000000001', 'Think', 'O''ylamoq', '', 'phrase', 'A1', 27);

-- Unit 14 (27 words)
INSERT INTO units (id, collection_id, title, unit_number, word_count)
VALUES ('a0000008-0004-4014-8000-000000000001', 'c0000008-0004-4000-8000-000000000001', 'Unit 14', 14, 27);

INSERT INTO words (unit_id, collection_id, word, translation, example_sentence, word_type, difficulty, word_number) VALUES
('a0000008-0004-4014-8000-000000000001', 'c0000008-0004-4000-8000-000000000001', 'Sure', 'Ishonmoq', '', 'phrase', 'A1', 1),
('a0000008-0004-4014-8000-000000000001', 'c0000008-0004-4000-8000-000000000001', 'Intention', 'Maqsad', '', 'phrase', 'A1', 2),
('a0000008-0004-4014-8000-000000000001', 'c0000008-0004-4000-8000-000000000001', 'Plan', 'Reja', '', 'phrase', 'A1', 3),
('a0000008-0004-4014-8000-000000000001', 'c0000008-0004-4000-8000-000000000001', 'Prediction', 'Bashorat qilmoq', '', 'phrase', 'A1', 4),
('a0000008-0004-4014-8000-000000000001', 'c0000008-0004-4000-8000-000000000001', 'Image', 'Tasavvur qilmoq', '', 'phrase', 'A1', 5),
('a0000008-0004-4014-8000-000000000001', 'c0000008-0004-4000-8000-000000000001', 'Pass', 'O''tmoq', '', 'phrase', 'A1', 6),
('a0000008-0004-4014-8000-000000000001', 'c0000008-0004-4000-8000-000000000001', 'Control', 'Boshqarmoq', '', 'phrase', 'A1', 7),
('a0000008-0004-4014-8000-000000000001', 'c0000008-0004-4000-8000-000000000001', 'Pianist', 'Pianinochi', '', 'phrase', 'A1', 8),
('a0000008-0004-4014-8000-000000000001', 'c0000008-0004-4000-8000-000000000001', 'Babysitter', 'Enaga', '', 'phrase', 'A1', 9),
('a0000008-0004-4014-8000-000000000001', 'c0000008-0004-4000-8000-000000000001', 'Sponge', 'Gubka', '', 'phrase', 'A1', 10),
('a0000008-0004-4014-8000-000000000001', 'c0000008-0004-4000-8000-000000000001', 'Burglar', 'O''g''ri', '', 'phrase', 'A1', 11),
('a0000008-0004-4014-8000-000000000001', 'c0000008-0004-4000-8000-000000000001', 'Anniversary', 'Yillik', '', 'phrase', 'A1', 12),
('a0000008-0004-4014-8000-000000000001', 'c0000008-0004-4000-8000-000000000001', 'Bill', 'Hisob varaqasi; kvitansiya', '', 'phrase', 'A1', 13),
('a0000008-0004-4014-8000-000000000001', 'c0000008-0004-4000-8000-000000000001', 'Lamppost', 'Ko''cha fonari', '', 'phrase', 'A1', 14),
('a0000008-0004-4014-8000-000000000001', 'c0000008-0004-4000-8000-000000000001', 'Save', 'Saqlamoq', '', 'phrase', 'A1', 15),
('a0000008-0004-4014-8000-000000000001', 'c0000008-0004-4000-8000-000000000001', 'Wet', 'Nam; ho''l', '', 'phrase', 'A1', 16),
('a0000008-0004-4014-8000-000000000001', 'c0000008-0004-4000-8000-000000000001', 'Ambulance', 'Tez yordam', '', 'phrase', 'A1', 17),
('a0000008-0004-4014-8000-000000000001', 'c0000008-0004-4000-8000-000000000001', 'Discover', 'Kashf qilmoq', '', 'phrase', 'A1', 18),
('a0000008-0004-4014-8000-000000000001', 'c0000008-0004-4000-8000-000000000001', 'Butcher', 'Qassob', '', 'phrase', 'A1', 19),
('a0000008-0004-4014-8000-000000000001', 'c0000008-0004-4000-8000-000000000001', 'Refuse', 'Rad etmoq', '', 'phrase', 'A1', 20),
('a0000008-0004-4014-8000-000000000001', 'c0000008-0004-4000-8000-000000000001', 'Permission', 'Ruhsat', '', 'phrase', 'A1', 21),
('a0000008-0004-4014-8000-000000000001', 'c0000008-0004-4000-8000-000000000001', 'Issue', 'Muammo', '', 'phrase', 'A1', 22),
('a0000008-0004-4014-8000-000000000001', 'c0000008-0004-4000-8000-000000000001', 'Hammer', 'Bolg''a', '', 'phrase', 'A1', 23),
('a0000008-0004-4014-8000-000000000001', 'c0000008-0004-4000-8000-000000000001', 'Steak', 'Lahm go''sht', '', 'phrase', 'A1', 24),
('a0000008-0004-4014-8000-000000000001', 'c0000008-0004-4000-8000-000000000001', 'Request', 'Talab qilmoq', '', 'phrase', 'A1', 25),
('a0000008-0004-4014-8000-000000000001', 'c0000008-0004-4000-8000-000000000001', 'Offer', 'Taklif qilmoq', '', 'phrase', 'A1', 26),
('a0000008-0004-4014-8000-000000000001', 'c0000008-0004-4000-8000-000000000001', 'Suggestion', 'Taklif', '', 'phrase', 'A1', 27);

-- Unit 15 (27 words)
INSERT INTO units (id, collection_id, title, unit_number, word_count)
VALUES ('a0000008-0004-4015-8000-000000000001', 'c0000008-0004-4000-8000-000000000001', 'Unit 15', 15, 27);

INSERT INTO words (unit_id, collection_id, word, translation, example_sentence, word_type, difficulty, word_number) VALUES
('a0000008-0004-4015-8000-000000000001', 'c0000008-0004-4000-8000-000000000001', 'Swallow', 'Yutmoq', '', 'phrase', 'A1', 1),
('a0000008-0004-4015-8000-000000000001', 'c0000008-0004-4000-8000-000000000001', 'Loan', 'Qarz bermoq', '', 'phrase', 'A1', 2),
('a0000008-0004-4015-8000-000000000001', 'c0000008-0004-4000-8000-000000000001', 'Leak', 'Teshik', '', 'phrase', 'A1', 3),
('a0000008-0004-4015-8000-000000000001', 'c0000008-0004-4000-8000-000000000001', 'Shy', 'Uyatchan', '', 'phrase', 'A1', 4),
('a0000008-0004-4015-8000-000000000001', 'c0000008-0004-4000-8000-000000000001', 'Obey', 'Bo''ysunmoq', '', 'phrase', 'A1', 5),
('a0000008-0004-4015-8000-000000000001', 'c0000008-0004-4000-8000-000000000001', 'Forbid', 'Taqiqlamoq', '', 'phrase', 'A1', 6),
('a0000008-0004-4015-8000-000000000001', 'c0000008-0004-4000-8000-000000000001', 'Allow', 'Ruhsat bermoq', '', 'phrase', 'A1', 7),
('a0000008-0004-4015-8000-000000000001', 'c0000008-0004-4000-8000-000000000001', 'Join', 'Qo''shilmoq', '', 'phrase', 'A1', 8),
('a0000008-0004-4015-8000-000000000001', 'c0000008-0004-4000-8000-000000000001', 'Rubbish', 'Musor', '', 'phrase', 'A1', 9),
('a0000008-0004-4015-8000-000000000001', 'c0000008-0004-4000-8000-000000000001', 'Bin', 'Quti', '', 'phrase', 'A1', 10),
('a0000008-0004-4015-8000-000000000001', 'c0000008-0004-4000-8000-000000000001', 'Guest', 'Mehmon', '', 'phrase', 'A1', 11),
('a0000008-0004-4015-8000-000000000001', 'c0000008-0004-4000-8000-000000000001', 'Lend', 'Qarz bermoq', '', 'phrase', 'A1', 12),
('a0000008-0004-4015-8000-000000000001', 'c0000008-0004-4000-8000-000000000001', 'Invitation', 'Taklifnoma', '', 'phrase', 'A1', 13),
('a0000008-0004-4015-8000-000000000001', 'c0000008-0004-4000-8000-000000000001', 'Litter', 'Axlat', '', 'phrase', 'A1', 14),
('a0000008-0004-4015-8000-000000000001', 'c0000008-0004-4000-8000-000000000001', 'Floppy', 'Ilinib turmoq', '', 'phrase', 'A1', 15),
('a0000008-0004-4015-8000-000000000001', 'c0000008-0004-4000-8000-000000000001', 'Bamboo', 'Bambuk', '', 'phrase', 'A1', 16),
('a0000008-0004-4015-8000-000000000001', 'c0000008-0004-4000-8000-000000000001', 'Confirmation', 'Tasdiq', '', 'phrase', 'A1', 17),
('a0000008-0004-4015-8000-000000000001', 'c0000008-0004-4000-8000-000000000001', 'Funfair', 'Ko''ngilochar joy', '', 'phrase', 'A1', 18),
('a0000008-0004-4015-8000-000000000001', 'c0000008-0004-4000-8000-000000000001', 'Seatbelt', 'Xavfsizlik kamari', '', 'phrase', 'A1', 19),
('a0000008-0004-4015-8000-000000000001', 'c0000008-0004-4000-8000-000000000001', 'Pretend', 'Mug''ombirlik qilmoq', '', 'phrase', 'A1', 20),
('a0000008-0004-4015-8000-000000000001', 'c0000008-0004-4000-8000-000000000001', 'Explorer', 'Tadqiqotchi', '', 'phrase', 'A1', 21),
('a0000008-0004-4015-8000-000000000001', 'c0000008-0004-4000-8000-000000000001', 'Avoid', 'Qochmoq', '', 'phrase', 'A1', 22),
('a0000008-0004-4015-8000-000000000001', 'c0000008-0004-4000-8000-000000000001', 'Admit', 'Tan olmoq', '', 'phrase', 'A1', 23),
('a0000008-0004-4015-8000-000000000001', 'c0000008-0004-4000-8000-000000000001', 'Confess', 'Iqror bo''lmoq', '', 'phrase', 'A1', 24),
('a0000008-0004-4015-8000-000000000001', 'c0000008-0004-4000-8000-000000000001', 'Deny', 'Rad etmoq', '', 'phrase', 'A1', 25),
('a0000008-0004-4015-8000-000000000001', 'c0000008-0004-4000-8000-000000000001', 'Risk', 'Xavf', '', 'phrase', 'A1', 26),
('a0000008-0004-4015-8000-000000000001', 'c0000008-0004-4000-8000-000000000001', 'Regret', 'Pushaymon bo''lmoq', '', 'phrase', 'A1', 27);

-- ─── Update collection total_units counts ───
UPDATE collections SET total_units = (SELECT COUNT(*) FROM units WHERE collection_id = 'c0000008-0004-4000-8000-000000000001') WHERE id = 'c0000008-0004-4000-8000-000000000001';

